Title_Mr,FarePerPerson,Fare,Fare_log,Age_log,Age,Sex_male,Sex_female,Pclass,FamilySize,SibSp,Title_Mrs,Title_Miss,Parch,Embarked_S,Survived
True,3.625,7.25,2.110213200346589,3.1354942159291497,22.0,True,False,3,2,1,False,False,0,True,0
False,35.64165,71.2833,4.2805931204649,3.6635616461296463,38.0,False,True,1,2,1,True,False,0,False,1
False,7.925,7.925,2.188856327665703,3.295836866004329,26.0,False,True,3,1,0,False,True,0,True,1
False,26.55,53.1,3.990834185852436,3.58351893845611,35.0,False,True,1,2,1,True,False,0,True,1
True,8.05,8.05,2.2027647577118348,3.58351893845611,35.0,True,False,3,1,0,False,False,0,True,0
True,8.4583,8.4583,2.246892662898172,3.367295829986474,28.0,True,False,3,1,0,False,False,0,False,0
True,51.8625,51.8625,3.967694202798607,4.007333185232471,54.0,True,False,1,1,0,False,False,0,True,0
False,4.215,21.075,3.0944457464900235,1.0986122886681098,2.0,True,False,3,5,3,False,False,1,True,0
False,3.7111,11.1333,2.495953738718064,3.332204510175204,27.0,False,True,3,3,0,True,False,2,True,1
False,15.0354,30.0708,3.436268471383741,2.70805020110221,14.0,False,True,2,2,1,True,False,0,False,1
False,5.566666666666666,16.7,2.873564639579784,1.6094379124341005,4.0,False,True,3,3,1,False,True,1,True,1
False,26.55,26.55,3.316002535598924,4.07753744390572,58.0,False,True,1,1,0,False,True,0,True,1
True,8.05,8.05,2.2027647577118348,3.044522437723423,20.0,True,False,3,1,0,False,False,0,True,0
True,4.467857142857143,31.275,3.4742929367327062,3.688879454113936,39.0,True,False,3,7,1,False,False,5,True,0
False,7.8542,7.8542,2.180891922715322,2.70805020110221,14.0,False,True,3,1,0,False,True,0,True,0
False,16.0,16.0,2.833213344056216,4.02535169073515,55.0,False,True,2,1,0,True,False,0,True,1
False,4.854166666666667,29.125,3.405355391810819,1.0986122886681098,2.0,True,False,3,6,4,False,False,1,False,0
True,13.0,13.0,2.6390573296152584,3.367295829986474,28.0,True,False,2,1,0,False,False,0,True,1
False,9.0,18.0,2.9444389791664403,3.4657359027997265,31.0,False,True,3,2,1,True,False,0,True,0
False,7.225,7.225,2.107178296651436,3.367295829986474,28.0,False,True,3,1,0,True,False,0,False,1
True,26.0,26.0,3.295836866004329,3.58351893845611,35.0,True,False,2,1,0,False,False,0,True,0
True,13.0,13.0,2.6390573296152584,3.555348061489413,34.0,True,False,2,1,0,False,False,0,True,1
False,8.0292,8.0292,2.200463769927285,2.772588722239781,15.0,False,True,3,1,0,False,True,0,False,1
True,35.5,35.5,3.597312260588446,3.367295829986474,28.0,True,False,1,1,0,False,False,0,True,1
False,4.215,21.075,3.0944457464900235,2.19722457733622,8.0,False,True,3,5,3,False,True,1,True,0
False,4.483928571428572,31.3875,3.4777725458882283,3.6635616461296463,38.0,False,True,3,7,1,True,False,5,True,1
True,7.225,7.225,2.107178296651436,3.367295829986474,28.0,True,False,3,1,0,False,False,0,False,0
True,41.50103666666673,249.00622000000035,5.521485797552746,2.995732273553991,19.0,True,False,1,6,3,False,False,2,True,0
False,7.8792,7.8792,2.1837114628556327,3.367295829986474,28.0,False,True,3,1,0,False,True,0,False,1
True,7.8958,7.8958,2.1855792552411137,3.367295829986474,28.0,True,False,3,1,0,False,False,0,True,0
False,27.7208,27.7208,3.357621598945279,3.713572066704308,40.0,True,False,1,1,0,False,False,0,False,0
False,73.2604,146.5208,4.993969182787072,3.367295829986474,28.0,False,True,1,2,1,True,False,0,False,1
False,7.75,7.75,2.169053700369523,3.367295829986474,28.0,False,True,3,1,0,False,True,0,False,1
True,10.5,10.5,2.4423470353692043,4.189654742026425,65.0,True,False,2,1,0,False,False,0,True,0
True,41.0854,82.1708,4.420896324687287,3.367295829986474,28.0,True,False,1,2,1,False,False,0,False,0
True,26.0,52.0,3.970291913552122,3.7612001156935615,42.0,True,False,1,2,1,False,False,0,True,0
True,7.2292,7.2292,2.1076888046179385,3.367295829986474,28.0,True,False,3,1,0,False,False,0,False,1
True,8.05,8.05,2.2027647577118348,3.091042453358316,21.0,True,False,3,1,0,False,False,0,True,0
False,6.0,18.0,2.9444389791664403,2.9444389791664403,18.0,False,True,3,3,2,False,True,0,True,0
False,5.62085,11.2417,2.5048481563289,2.70805020110221,14.0,False,True,3,2,1,False,True,0,False,1
False,4.7375,9.475,2.348991465808201,3.713572066704308,40.0,False,True,3,2,1,True,False,0,True,0
False,10.5,21.0,3.091042453358316,3.332204510175204,27.0,False,True,2,2,1,True,False,0,True,0
True,7.8958,7.8958,2.1855792552411137,3.367295829986474,28.0,True,False,3,1,0,False,False,0,False,0
False,10.3948,41.5792,3.751365871125377,1.3862943611198906,3.0,False,True,2,4,1,False,True,2,False,1
False,7.8792,7.8792,2.1837114628556327,2.995732273553991,19.0,False,True,3,1,0,False,True,0,False,1
True,8.05,8.05,2.2027647577118348,3.367295829986474,28.0,True,False,3,1,0,False,False,0,True,0
True,7.75,15.5,2.803360380906535,3.367295829986474,28.0,True,False,3,2,1,False,False,0,False,0
False,7.75,7.75,2.169053700369523,3.367295829986474,28.0,False,True,3,1,0,False,True,0,False,1
True,7.226400000000001,21.6792,3.121448204868825,3.367295829986474,28.0,True,False,3,3,2,False,False,0,False,0
False,8.9,17.8,2.933856869835904,2.9444389791664403,18.0,False,True,3,2,1,True,False,0,True,0
False,6.614583333333333,39.6875,3.705920919968788,2.079441541679836,7.0,True,False,3,6,4,False,False,1,True,0
True,7.8,7.8,2.174751721484161,3.091042453358316,21.0,True,False,3,1,0,False,False,0,True,0
False,38.3646,76.7292,4.353230991152628,3.912023005428146,49.0,False,True,1,2,1,True,False,0,False,1
False,13.0,26.0,3.295836866004329,3.4011973816621555,29.0,False,True,2,2,1,True,False,0,True,1
True,30.9896,61.9792,4.142804513146981,4.189654742026425,65.0,True,False,1,2,0,False,False,1,False,0
True,35.5,35.5,3.597312260588446,3.367295829986474,28.0,True,False,1,1,0,False,False,0,True,1
False,10.5,10.5,2.4423470353692043,3.091042453358316,21.0,False,True,2,1,0,False,True,0,True,1
True,7.2292,7.2292,2.1076888046179385,3.3843902633457743,28.5,True,False,3,1,0,False,False,0,False,0
False,6.9375,27.75,3.3586377672433594,1.791759469228055,5.0,False,True,2,4,1,False,True,2,True,1
False,5.8625,46.9,3.8691155044168695,2.4849066497880004,11.0,True,False,3,8,5,False,False,2,True,0
True,7.2292,7.2292,2.1076888046179385,3.1354942159291497,22.0,True,False,3,1,0,False,False,0,False,0
False,80.0,80.0,4.394449154672439,3.6635616461296463,38.0,False,True,1,1,0,False,True,0,True,1
True,41.7375,83.475,4.436455632600354,3.828641396489095,45.0,True,False,1,2,1,False,False,0,True,0
False,4.65,27.9,3.3638415951183864,1.6094379124341005,4.0,True,False,3,6,3,False,False,2,True,0
True,27.7208,27.7208,3.357621598945279,3.367295829986474,28.0,True,False,1,1,0,False,False,0,False,0
False,5.081933333333333,15.2458,2.787834413830345,3.367295829986474,28.0,True,False,3,3,1,False,False,1,False,1
False,10.5,10.5,2.4423470353692043,3.4011973816621555,29.0,False,True,2,1,0,True,False,0,True,1
True,8.1583,8.1583,2.2146605719425225,2.995732273553991,19.0,True,False,3,1,0,False,False,0,True,0
False,1.1321428571428571,7.925,2.188856327665703,2.8903717578961645,17.0,False,True,3,7,4,False,True,2,True,1
True,2.8875,8.6625,2.2682524139135403,3.295836866004329,26.0,True,False,3,3,2,False,False,0,True,0
True,10.5,10.5,2.4423470353692043,3.49650756146648,32.0,True,False,2,1,0,False,False,0,True,0
False,5.8625,46.9,3.8691155044168695,2.833213344056216,16.0,False,True,3,8,5,False,True,2,True,0
True,73.5,73.5,4.310799125385514,3.091042453358316,21.0,True,False,2,1,0,False,False,0,True,0
True,7.2271,14.4542,2.737880811060884,3.295836866004329,26.0,True,False,3,2,1,False,False,0,False,0
True,56.4958,56.4958,4.05171190165724,3.49650756146648,32.0,True,False,3,1,0,False,False,0,True,1
True,7.65,7.65,2.157559320943788,3.258096538021482,25.0,True,False,3,1,0,False,False,0,True,0
True,7.8958,7.8958,2.1855792552411137,3.367295829986474,28.0,True,False,3,1,0,False,False,0,True,0
True,8.05,8.05,2.2027647577118348,3.367295829986474,28.0,True,False,3,1,0,False,False,0,True,0
False,9.666666666666666,29.0,3.4011973816621555,0.6043159668533294,0.83,True,False,2,3,0,False,False,2,True,1
False,12.475,12.475,2.600836116795061,3.4339872044851463,30.0,False,True,3,1,0,False,True,0,True,1
True,9.0,9.0,2.302585092994046,3.1354942159291497,22.0,True,False,3,1,0,False,False,0,True,0
True,9.5,9.5,2.3513752571634776,3.4011973816621555,29.0,True,False,3,1,0,False,False,0,True,1
False,7.7875,7.7875,2.1733302571367834,3.367295829986474,28.0,False,True,3,1,0,False,True,0,False,1
True,47.1,47.1,3.873282177111716,3.367295829986474,28.0,True,False,1,1,0,False,False,0,True,0
False,10.5,10.5,2.4423470353692043,2.8903717578961645,17.0,False,True,2,1,0,False,True,0,True,1
False,3.9625,15.85,2.8243506567983707,3.5263605246161616,33.0,False,True,3,4,3,True,False,0,True,1
True,6.875,34.375,3.566005355963401,2.833213344056216,16.0,True,False,3,5,1,False,False,3,True,0
True,8.05,8.05,2.2027647577118348,3.367295829986474,28.0,True,False,3,1,0,False,False,0,True,0
False,41.50103666666673,249.00622000000035,5.521485797552746,3.1780538303479458,23.0,False,True,1,6,3,False,True,2,True,1
True,8.05,8.05,2.2027647577118348,3.218875824868201,24.0,True,False,3,1,0,False,False,0,True,0
True,8.05,8.05,2.2027647577118348,3.4011973816621555,29.0,True,False,3,1,0,False,False,0,True,0
True,7.8542,7.8542,2.180891922715322,3.044522437723423,20.0,True,False,3,1,0,False,False,0,True,0
True,30.5875,61.175,4.1299529896894684,3.8501476017100575,46.0,True,False,1,2,1,False,False,0,True,0
True,5.14375,20.575,3.0715352369694915,3.295836866004329,26.0,True,False,3,4,1,False,False,2,True,0
True,7.25,7.25,2.110213200346589,4.0943445622221,59.0,True,False,3,1,0,False,False,0,True,0
True,8.05,8.05,2.2027647577118348,3.367295829986474,28.0,True,False,3,1,0,False,False,0,True,0
True,34.6542,34.6542,3.57386695198272,4.189654742026425,65.0,True,False,1,1,0,False,False,0,False,0
True,31.67915,63.3583,4.164465907853638,3.1780538303479458,23.0,True,False,1,2,0,False,False,1,False,1
False,11.5,23.0,3.1780538303479458,3.555348061489413,34.0,False,True,2,2,0,True,False,1,True,1
True,13.0,26.0,3.295836866004329,3.555348061489413,34.0,True,False,2,2,1,False,False,0,True,0
False,7.8958,7.8958,2.1855792552411137,3.367295829986474,28.0,False,True,3,1,0,False,True,0,True,0
True,7.8958,7.8958,2.1855792552411137,3.367295829986474,28.0,True,False,3,1,0,False,False,0,True,0
True,38.64375,77.2875,4.360387947851531,3.091042453358316,21.0,True,False,1,2,0,False,False,1,True,0
True,8.6542,8.6542,2.267393053825037,3.5263605246161616,33.0,True,False,3,1,0,False,False,0,True,0
True,2.6416666666666666,7.925,2.188856327665703,3.6375861597263857,37.0,True,False,3,3,2,False,False,0,True,0
True,7.8958,7.8958,2.1855792552411137,3.367295829986474,28.0,True,False,3,1,0,False,False,0,True,0
False,7.65,7.65,2.157559320943788,3.091042453358316,21.0,False,True,3,1,0,False,True,0,True,1
True,7.775,7.775,2.1719067693519296,3.367295829986474,28.0,True,False,3,1,0,False,False,0,True,1
True,7.8958,7.8958,2.1855792552411137,3.6635616461296463,38.0,True,False,3,1,0,False,False,0,True,0
False,12.075,24.15,3.224857896545748,3.367295829986474,28.0,False,True,3,2,1,False,True,0,False,1
True,52.0,52.0,3.970291913552122,3.871201010907891,47.0,True,False,1,1,0,False,False,0,True,0
False,7.2271,14.4542,2.737880811060884,2.740840023925201,14.5,False,True,3,2,1,False,True,0,False,0
True,8.05,8.05,2.2027647577118348,3.1354942159291497,22.0,True,False,3,1,0,False,False,0,True,0
False,4.9125,9.825,2.381858273888553,3.044522437723423,20.0,False,True,3,2,1,False,True,0,True,0
False,14.4583,14.4583,2.738146075922933,2.8903717578961645,17.0,False,True,3,1,0,False,True,0,False,0
True,7.925,7.925,2.188856327665703,3.091042453358316,21.0,True,False,3,1,0,False,False,0,True,0
True,7.75,7.75,2.169053700369523,4.189654742026425,65.0,True,False,3,1,0,False,False,0,False,0
True,10.5,21.0,3.091042453358316,3.4011973816621555,29.0,True,False,2,2,1,False,False,0,True,0
True,123.7604,247.5208,5.515526544247129,3.218875824868201,24.0,True,False,1,2,0,False,False,1,False,0
False,4.467857142857143,31.275,3.4742929367327062,1.0986122886681098,2.0,False,True,3,7,4,False,True,2,True,0
True,24.5,73.5,4.310799125385514,3.091042453358316,21.0,True,False,2,3,2,False,False,0,True,0
True,8.05,8.05,2.2027647577118348,3.367295829986474,28.0,True,False,3,1,0,False,False,0,True,0
True,15.0354,30.0708,3.436268471383741,3.5115454388310208,32.5,True,False,2,2,1,False,False,0,False,0
False,13.0,13.0,2.6390573296152584,3.5115454388310208,32.5,False,True,2,1,0,False,True,0,True,1
True,38.64375,77.2875,4.360387947851531,4.007333185232471,54.0,True,False,1,2,0,False,False,1,True,0
False,5.62085,11.2417,2.5048481563289,2.5649493574615367,12.0,True,False,3,2,1,False,False,0,False,1
True,7.75,7.75,2.169053700369523,3.367295829986474,28.0,True,False,3,1,0,False,False,0,False,0
True,7.1417,7.1417,2.0969990034181696,3.218875824868201,24.0,True,False,3,1,0,False,False,0,True,1
False,7.452766666666666,22.3583,3.1509523813392697,3.367295829986474,28.0,False,True,3,3,1,False,True,1,False,1
True,6.975,6.975,2.076311648670908,3.828641396489095,45.0,True,False,3,1,0,False,False,0,True,0
True,7.8958,7.8958,2.1855792552411137,3.5263605246161616,33.0,True,False,3,1,0,False,False,0,False,0
True,7.05,7.05,2.0856720914304723,3.044522437723423,20.0,True,False,3,1,0,False,False,0,True,0
False,7.25,14.5,2.740840023925201,3.871201010907891,47.0,False,True,3,2,1,True,False,0,True,0
False,13.0,26.0,3.295836866004329,3.4011973816621555,29.0,False,True,2,2,1,True,False,0,True,1
True,13.0,13.0,2.6390573296152584,3.258096538021482,25.0,True,False,2,1,0,False,False,0,True,0
True,15.0458,15.0458,2.775447133088262,3.1780538303479458,23.0,True,False,2,1,0,False,False,0,False,0
False,8.7611,26.2833,3.3062747934011893,2.995732273553991,19.0,False,True,1,3,0,False,True,2,True,1
True,26.55,53.1,3.990834185852436,3.6375861597263857,37.0,True,False,1,2,1,False,False,0,True,0
True,9.2167,9.2167,2.3240236363515288,2.833213344056216,16.0,True,False,3,1,0,False,False,0,True,0
True,79.2,79.2,4.384523514872469,3.218875824868201,24.0,True,False,1,1,0,False,False,0,False,0
False,5.081933333333333,15.2458,2.787834413830345,3.367295829986474,28.0,False,True,3,3,0,True,False,2,False,0
False,7.75,7.75,2.169053700369523,3.1354942159291497,22.0,False,True,3,1,0,False,True,0,True,1
False,7.925,15.85,2.8243506567983707,3.218875824868201,24.0,False,True,3,2,1,True,False,0,True,1
True,6.75,6.75,2.0476928433652555,2.995732273553991,19.0,True,False,3,1,0,False,False,0,False,0
True,11.5,11.5,2.525728644308256,2.9444389791664403,18.0,True,False,2,1,0,False,False,0,True,0
True,12.25,36.75,3.6309854756950335,2.995732273553991,19.0,True,False,2,3,1,False,False,1,True,0
True,7.7958,7.7958,2.174274334826008,3.332204510175204,27.0,True,False,3,1,0,False,False,0,True,1
False,6.875,34.375,3.566005355963401,2.302585092994046,9.0,False,True,3,5,2,False,True,2,True,0
True,8.666666666666666,26.0,3.295836866004329,3.624340932976365,36.5,True,False,2,3,0,False,False,2,True,0
False,13.0,13.0,2.6390573296152584,3.7612001156935615,42.0,True,False,2,1,0,False,False,0,True,0
False,12.525,12.525,2.6045398247325453,3.951243718581428,51.0,True,False,2,1,0,False,False,0,True,0
False,33.3,66.6,4.213607983048918,3.1354942159291497,22.0,False,True,1,2,1,True,False,0,True,1
True,8.05,8.05,2.2027647577118348,4.034240638152395,55.5,True,False,3,1,0,False,False,0,True,0
True,4.833333333333333,14.5,2.740840023925201,3.725693427236653,40.5,True,False,3,3,0,False,False,2,True,0
True,7.3125,7.3125,2.117760405981973,3.367295829986474,28.0,True,False,3,1,0,False,False,0,True,0
True,30.6896,61.3792,4.133231886474144,3.951243718581428,51.0,True,False,1,2,0,False,False,1,False,0
False,7.7333,7.7333,2.167143305297764,2.833213344056216,16.0,False,True,3,1,0,False,True,0,False,1
True,8.05,8.05,2.2027647577118348,3.4339872044851463,30.0,True,False,3,1,0,False,False,0,True,0
True,8.6625,8.6625,2.2682524139135403,3.367295829986474,28.0,True,False,3,1,0,False,False,0,True,0
False,6.322727272727272,69.55,4.256321678298823,3.367295829986474,28.0,True,False,3,11,8,False,False,2,True,0
True,8.05,16.1,2.8390784635086144,3.80666248977032,44.0,True,False,3,2,0,False,False,1,True,0
False,15.75,15.75,2.818398258271076,3.713572066704308,40.0,False,True,2,1,0,True,False,0,True,1
True,7.775,7.775,2.1719067693519296,3.295836866004329,26.0,True,False,3,1,0,False,False,0,True,0
True,8.6625,8.6625,2.2682524139135403,2.8903717578961645,17.0,True,False,3,1,0,False,False,0,True,0
False,6.614583333333333,39.6875,3.705920919968788,0.6931471805599453,1.0,True,False,3,6,4,False,False,1,True,0
False,6.841666666666666,20.525,3.0692150503137943,2.302585092994046,9.0,True,False,3,3,0,False,False,2,True,1
False,27.5,55.0,4.02535169073515,3.367295829986474,28.0,False,True,1,2,0,True,False,1,True,1
False,4.65,27.9,3.3638415951183864,3.828641396489095,45.0,False,True,3,6,1,True,False,4,True,0
True,25.925,25.925,3.2930552230424524,3.367295829986474,28.0,True,False,1,1,0,False,False,0,True,0
True,56.4958,56.4958,4.05171190165724,3.367295829986474,28.0,True,False,3,1,0,False,False,0,True,0
True,33.5,33.5,3.5409593240373143,4.127134385045092,61.0,True,False,1,1,0,False,False,0,True,0
False,4.854166666666667,29.125,3.405355391810819,1.6094379124341005,4.0,True,False,3,6,4,False,False,1,False,0
False,3.7111,11.1333,2.495953738718064,0.6931471805599453,1.0,False,True,3,3,1,False,True,1,True,1
True,7.925,7.925,2.188856327665703,3.091042453358316,21.0,True,False,3,1,0,False,False,0,True,0
True,30.6958,30.6958,3.4561841799918147,4.04305126783455,56.0,True,False,1,1,0,False,False,0,False,0
True,2.6180666666666665,7.8542,2.180891922715322,2.9444389791664403,18.0,True,False,3,3,1,False,False,1,True,0
False,5.09334,25.4667,3.275887339030031,3.367295829986474,28.0,True,False,3,5,3,False,False,1,True,0
False,28.7125,28.7125,3.391567832686312,3.9318256327243257,50.0,False,True,1,1,0,False,True,0,False,0
True,13.0,13.0,2.6390573296152584,3.4339872044851463,30.0,True,False,2,1,0,False,False,0,True,0
True,0.0,0.0,0.0,3.610917912644224,36.0,True,False,3,1,0,False,False,0,True,0
False,6.322727272727272,69.55,4.256321678298823,3.367295829986474,28.0,False,True,3,11,8,False,True,2,True,0
True,15.05,15.05,2.775708849576025,3.367295829986474,28.0,True,False,2,1,0,False,False,0,False,0
False,4.483928571428572,31.3875,3.4777725458882283,2.302585092994046,9.0,True,False,3,7,4,False,False,2,True,0
False,9.75,39.0,3.688879454113936,0.6931471805599453,1.0,True,False,2,4,2,False,False,1,True,1
False,7.341666666666666,22.025,3.1365805821413706,1.6094379124341005,4.0,False,True,3,3,0,False,True,2,True,1
True,50.0,50.0,3.9318256327243257,3.367295829986474,28.0,True,False,1,1,0,False,False,0,True,0
False,7.75,15.5,2.803360380906535,3.367295829986474,28.0,False,True,3,2,1,True,False,0,False,1
True,26.55,26.55,3.316002535598924,3.828641396489095,45.0,True,False,1,1,0,False,False,0,True,1
True,5.166666666666667,15.5,2.803360380906535,3.713572066704308,40.0,True,False,3,3,1,False,False,1,False,0
True,7.8958,7.8958,2.1855792552411137,3.610917912644224,36.0,True,False,3,1,0,False,False,0,True,0
False,13.0,13.0,2.6390573296152584,3.49650756146648,32.0,False,True,2,1,0,True,False,0,True,1
True,13.0,13.0,2.6390573296152584,2.995732273553991,19.0,True,False,2,1,0,False,False,0,True,0
False,3.9271,7.8542,2.180891922715322,2.995732273553991,19.0,False,True,3,2,1,False,True,0,True,1
False,8.666666666666666,26.0,3.295836866004329,1.3862943611198906,3.0,True,False,2,3,1,False,False,1,True,1
False,27.7208,27.7208,3.357621598945279,3.80666248977032,44.0,False,True,1,1,0,True,False,0,False,1
False,146.5208,146.5208,4.993969182787072,4.07753744390572,58.0,False,True,1,1,0,False,True,0,False,1
True,7.75,7.75,2.169053700369523,3.367295829986474,28.0,True,False,3,1,0,False,False,0,False,0
True,4.2021,8.4042,2.2411563979973974,3.7612001156935615,42.0,True,False,3,2,0,False,False,1,True,0
False,7.75,7.75,2.169053700369523,3.367295829986474,28.0,False,True,3,1,0,False,True,0,False,1
False,13.0,13.0,2.6390573296152584,3.218875824868201,24.0,False,True,2,1,0,False,True,0,True,0
True,9.5,9.5,2.3513752571634776,3.367295829986474,28.0,True,False,3,1,0,False,False,0,True,0
True,6.322727272727272,69.55,4.256321678298823,3.367295829986474,28.0,True,False,3,11,8,False,False,2,True,0
True,6.4958,6.4958,2.014342863683701,3.555348061489413,34.0,True,False,3,1,0,False,False,0,True,0
True,7.225,7.225,2.107178296651436,3.8394523125933104,45.5,True,False,3,1,0,False,False,0,False,0
True,8.05,8.05,2.2027647577118348,2.9444389791664403,18.0,True,False,3,1,0,False,False,0,True,1
False,5.23125,10.4625,2.4390808375825834,1.0986122886681098,2.0,False,True,3,2,0,False,True,1,True,0
True,7.925,15.85,2.8243506567983707,3.49650756146648,32.0,True,False,3,2,1,False,False,0,True,0
True,18.7875,18.7875,2.9850504252071306,3.295836866004329,26.0,True,False,3,1,0,False,False,0,False,1
False,7.75,7.75,2.169053700369523,2.833213344056216,16.0,False,True,3,1,0,False,True,0,False,1
True,31.0,31.0,3.4657359027997265,3.713572066704308,40.0,True,False,1,1,0,False,False,0,False,1
True,7.05,7.05,2.0856720914304723,3.218875824868201,24.0,True,False,3,1,0,False,False,0,True,0
False,21.0,21.0,3.091042453358316,3.58351893845611,35.0,False,True,2,1,0,False,True,0,True,1
True,7.25,7.25,2.110213200346589,3.1354942159291497,22.0,True,False,3,1,0,False,False,0,True,0
True,13.0,13.0,2.6390573296152584,3.4339872044851463,30.0,True,False,2,1,0,False,False,0,True,0
True,3.875,7.75,2.169053700369523,3.367295829986474,28.0,True,False,3,2,1,False,False,0,False,0
False,56.6375,113.275,4.738607824217808,3.4657359027997265,31.0,False,True,1,2,1,False,True,0,False,1
False,7.925,7.925,2.188856327665703,3.332204510175204,27.0,False,True,3,1,0,False,True,0,True,1
True,13.5,27.0,3.332204510175204,3.7612001156935615,42.0,True,False,2,2,1,False,False,0,True,0
False,76.2917,76.2917,4.347586575960343,3.49650756146648,32.0,False,True,1,1,0,False,True,0,False,1
True,10.5,10.5,2.4423470353692043,3.4339872044851463,30.0,True,False,2,1,0,False,False,0,True,0
True,8.05,8.05,2.2027647577118348,2.833213344056216,16.0,True,False,3,1,0,False,False,0,True,1
True,13.0,13.0,2.6390573296152584,3.332204510175204,27.0,True,False,2,1,0,False,False,0,True,0
True,8.05,8.05,2.2027647577118348,3.951243718581428,51.0,True,False,3,1,0,False,False,0,True,0
True,7.8958,7.8958,2.1855792552411137,3.367295829986474,28.0,True,False,3,1,0,False,False,0,True,0
True,45.0,90.0,4.51085950651685,3.6635616461296463,38.0,True,False,1,2,1,False,False,0,True,1
True,9.35,9.35,2.336986519711378,3.1354942159291497,22.0,True,False,3,1,0,False,False,0,True,0
True,10.5,10.5,2.4423470353692043,2.995732273553991,19.0,True,False,2,1,0,False,False,0,True,1
True,7.25,7.25,2.110213200346589,3.068052935133617,20.5,True,False,3,1,0,False,False,0,True,0
True,13.0,13.0,2.6390573296152584,2.9444389791664403,18.0,True,False,2,1,0,False,False,0,True,0
False,5.09334,25.4667,3.275887339030031,3.367295829986474,28.0,False,True,3,5,3,False,True,1,True,0
False,41.7375,83.475,4.436455632600354,3.58351893845611,35.0,False,True,1,2,1,True,False,0,True,1
True,7.775,7.775,2.1719067693519296,3.4011973816621555,29.0,True,False,3,1,0,False,False,0,True,0
True,13.5,13.5,2.6741486494265287,4.0943445622221,59.0,True,False,2,1,0,False,False,0,True,0
False,4.483928571428572,31.3875,3.4777725458882283,1.791759469228055,5.0,False,True,3,7,4,False,True,2,True,1
True,10.5,10.5,2.4423470353692043,3.218875824868201,24.0,True,False,2,1,0,False,False,0,True,0
False,7.55,7.55,2.145931282948669,3.367295829986474,28.0,False,True,3,1,0,False,True,0,True,0
True,13.0,26.0,3.295836866004329,3.80666248977032,44.0,True,False,2,2,1,False,False,0,True,0
False,8.75,26.25,3.305053521109253,2.19722457733622,8.0,False,True,2,3,0,False,True,2,True,1
True,10.5,10.5,2.4423470353692043,2.995732273553991,19.0,True,False,2,1,0,False,False,0,True,0
True,12.275,12.275,2.5858825671280026,3.5263605246161616,33.0,True,False,2,1,0,False,False,0,True,0
False,7.2271,14.4542,2.737880811060884,3.367295829986474,28.0,False,True,3,2,1,False,True,0,False,0
False,7.75,15.5,2.803360380906535,3.367295829986474,28.0,False,True,3,2,1,False,True,0,False,1
True,10.5,10.5,2.4423470353692043,3.4011973816621555,29.0,True,False,2,1,0,False,False,0,True,0
True,7.125,7.125,2.094945728215801,3.1354942159291497,22.0,True,False,3,1,0,False,False,0,True,0
True,7.225,7.225,2.107178296651436,3.4339872044851463,30.0,True,False,3,1,0,False,False,0,False,0
False,30.0,90.0,4.51085950651685,3.80666248977032,44.0,True,False,1,3,2,False,False,0,False,0
False,7.775,7.775,2.1719067693519296,3.258096538021482,25.0,False,True,3,1,0,False,True,0,True,0
False,4.833333333333333,14.5,2.740840023925201,3.218875824868201,24.0,False,True,2,3,0,True,False,2,True,1
True,17.518066666666666,52.5542,3.980694225190728,3.6375861597263857,37.0,True,False,1,3,1,False,False,1,True,1
False,13.0,26.0,3.295836866004329,4.007333185232471,54.0,True,False,2,2,1,False,False,0,True,0
True,7.25,7.25,2.110213200346589,3.367295829986474,28.0,True,False,3,1,0,False,False,0,True,0
False,3.4875000000000003,10.4625,2.4390808375825834,3.4011973816621555,29.0,False,True,3,3,1,True,False,1,True,0
True,26.55,26.55,3.316002535598924,4.143134726391533,62.0,True,False,1,1,0,False,False,0,True,0
True,8.05,16.1,2.8390784635086144,3.4339872044851463,30.0,True,False,3,2,1,False,False,0,True,0
False,6.7375,20.2125,3.0545906305603445,3.737669618283368,41.0,False,True,3,3,0,True,False,2,True,0
False,5.081933333333333,15.2458,2.787834413830345,3.4011973816621555,29.0,False,True,3,3,0,True,False,2,False,1
False,79.2,79.2,4.384523514872469,3.367295829986474,28.0,False,True,1,1,0,True,False,0,False,1
False,86.5,86.5,4.471638793363569,3.4339872044851463,30.0,False,True,1,1,0,False,True,0,True,1
False,249.00622000000035,249.00622000000035,5.521485797552746,3.58351893845611,35.0,False,True,1,1,0,False,True,0,False,1
False,13.0,26.0,3.295836866004329,3.9318256327243257,50.0,False,True,2,2,0,True,False,1,True,1
True,7.75,7.75,2.169053700369523,3.367295829986474,28.0,True,False,3,1,0,False,False,0,False,0
False,4.483928571428572,31.3875,3.4777725458882283,1.3862943611198906,3.0,True,False,3,7,4,False,False,2,True,1
True,26.55,79.65,4.390118804571218,3.970291913552122,52.0,True,False,1,3,1,False,False,1,True,0
True,0.0,0.0,0.0,3.713572066704308,40.0,True,False,1,1,0,False,False,0,True,0
False,7.75,7.75,2.169053700369523,3.367295829986474,28.0,False,True,3,1,0,False,True,0,False,0
True,10.5,10.5,2.4423470353692043,3.610917912644224,36.0,True,False,2,1,0,False,False,0,True,0
True,6.614583333333333,39.6875,3.705920919968788,2.833213344056216,16.0,True,False,3,6,4,False,False,1,True,0
True,3.8875,7.775,2.1719067693519296,3.258096538021482,25.0,True,False,3,2,1,False,False,0,True,1
False,76.73125,153.4625,5.039951348430309,4.07753744390572,58.0,False,True,1,2,0,True,False,1,True,1
False,135.6333,135.6333,4.91730069488021,3.58351893845611,35.0,False,True,1,1,0,False,True,0,True,1
True,31.0,31.0,3.4657359027997265,3.367295829986474,28.0,True,False,1,1,0,False,False,0,True,0
True,0.0,0.0,0.0,3.258096538021482,25.0,True,False,3,1,0,False,False,0,True,1
False,9.75,19.5,3.0204248861443626,3.737669618283368,41.0,False,True,2,2,0,True,False,1,True,1
True,14.85,29.7,3.4242626545931514,3.6375861597263857,37.0,True,False,1,2,0,False,False,1,False,0
False,7.75,7.75,2.169053700369523,3.367295829986474,28.0,False,True,3,1,0,False,True,0,False,1
False,38.97915,77.9583,4.368919865004903,4.158883083359672,63.0,False,True,1,2,1,False,True,0,True,1
False,7.75,7.75,2.169053700369523,3.828641396489095,45.0,False,True,3,1,0,False,True,0,True,0
True,0.0,0.0,0.0,3.367295829986474,28.0,True,False,2,1,0,False,False,0,True,0
False,4.854166666666667,29.125,3.405355391810819,2.079441541679836,7.0,True,False,3,6,4,False,False,1,False,0
False,6.75,20.25,3.056356895370426,3.58351893845611,35.0,False,True,3,3,1,True,False,1,True,1
True,7.75,7.75,2.169053700369523,4.189654742026425,65.0,True,False,3,1,0,False,False,0,False,0
True,7.8542,7.8542,2.180891922715322,3.367295829986474,28.0,True,False,3,1,0,False,False,0,True,0
True,9.5,9.5,2.3513752571634776,2.833213344056216,16.0,True,False,3,1,0,False,False,0,True,0
True,8.05,8.05,2.2027647577118348,2.995732273553991,19.0,True,False,3,1,0,False,False,0,True,1
True,26.0,26.0,3.295836866004329,3.367295829986474,28.0,True,False,1,1,0,False,False,0,True,0
True,8.6625,8.6625,2.2682524139135403,3.5263605246161616,33.0,True,False,3,1,0,False,False,0,False,0
True,9.5,9.5,2.3513752571634776,3.4339872044851463,30.0,True,False,3,1,0,False,False,0,True,1
True,7.8958,7.8958,2.1855792552411137,3.1354942159291497,22.0,True,False,3,1,0,False,False,0,True,0
True,13.0,13.0,2.6390573296152584,3.7612001156935615,42.0,True,False,2,1,0,False,False,0,True,1
False,7.75,7.75,2.169053700369523,3.1354942159291497,22.0,False,True,3,1,0,False,True,0,False,1
False,78.85,78.85,4.380149874661021,3.295836866004329,26.0,False,True,1,1,0,False,True,0,True,1
False,45.5396,91.0792,4.5226490762785785,2.995732273553991,19.0,False,True,1,2,1,True,False,0,False,1
True,12.875,12.875,2.630088659632498,3.610917912644224,36.0,True,False,2,1,0,False,False,0,False,0
False,8.85,8.85,2.2874714551839976,3.218875824868201,24.0,False,True,3,1,0,False,True,0,True,0
True,7.8958,7.8958,2.1855792552411137,3.218875824868201,24.0,True,False,3,1,0,False,False,0,True,0
True,27.7208,27.7208,3.357621598945279,3.367295829986474,28.0,True,False,1,1,0,False,False,0,False,0
True,7.2292,7.2292,2.1076888046179385,3.198673117550681,23.5,True,False,3,1,0,False,False,0,False,0
False,37.8875,151.55,5.027492411162679,1.0986122886681098,2.0,False,True,1,4,1,False,True,2,True,0
True,30.5,30.5,3.449987545831587,3.367295829986474,28.0,True,False,1,1,0,False,False,0,True,1
False,123.7604,247.5208,5.515526544247129,3.9318256327243257,50.0,False,True,1,2,0,True,False,1,False,1
False,7.75,7.75,2.169053700369523,3.367295829986474,28.0,False,True,3,1,0,False,True,0,False,1
True,7.75,23.25,3.188416617383492,3.367295829986474,28.0,True,False,3,3,2,False,False,0,False,1
True,0.0,0.0,0.0,2.995732273553991,19.0,True,False,3,1,0,False,False,0,True,0
False,12.35,12.35,2.5915163848462583,3.367295829986474,28.0,False,True,2,1,0,False,True,0,False,1
True,8.05,8.05,2.2027647577118348,3.367295829986474,28.0,True,False,3,1,0,False,False,0,True,0
False,37.8875,151.55,5.027492411162679,0.6523251860396903,0.92,True,False,1,4,1,False,False,2,True,1
False,110.8833,110.8833,4.717456363787216,3.367295829986474,28.0,False,True,1,1,0,False,True,0,False,1
False,54.45,108.9,4.699570861409576,2.8903717578961645,17.0,False,True,1,2,1,True,False,0,False,1
True,12.0,24.0,3.218875824868201,3.4339872044851463,30.0,True,False,2,2,1,False,False,0,False,0
False,56.9292,56.9292,4.0592215752427645,3.4339872044851463,30.0,False,True,1,1,0,False,True,0,False,1
False,83.1583,83.1583,4.432699549165613,3.218875824868201,24.0,False,True,1,1,0,False,True,0,False,1
False,49.80124400000007,249.00622000000035,5.521485797552746,2.9444389791664403,18.0,False,True,1,5,2,False,True,2,False,1
False,8.666666666666666,26.0,3.295836866004329,3.295836866004329,26.0,False,True,2,3,1,True,False,1,True,0
True,7.8958,7.8958,2.1855792552411137,3.367295829986474,28.0,True,False,3,1,0,False,False,0,True,0
True,8.75,26.25,3.305053521109253,3.784189633918261,43.0,True,False,2,3,1,False,False,1,True,0
False,7.8542,7.8542,2.180891922715322,3.295836866004329,26.0,False,True,3,1,0,False,True,0,True,1
False,13.0,26.0,3.295836866004329,3.218875824868201,24.0,False,True,2,2,1,True,False,0,True,1
False,14.0,14.0,2.70805020110221,4.007333185232471,54.0,True,False,2,1,0,False,False,0,True,0
False,54.95556666666667,164.8667,5.11118445372147,3.4657359027997265,31.0,False,True,1,3,0,False,True,2,True,1
False,44.833333333333336,134.5,4.908971640319756,3.713572066704308,40.0,False,True,1,3,1,True,False,1,False,1
True,7.25,7.25,2.110213200346589,3.1354942159291497,22.0,True,False,3,1,0,False,False,0,True,0
True,7.8958,7.8958,2.1855792552411137,3.332204510175204,27.0,True,False,3,1,0,False,False,0,True,0
False,12.35,12.35,2.5915163848462583,3.4339872044851463,30.0,False,True,2,1,0,False,True,0,False,1
False,9.666666666666666,29.0,3.4011973816621555,3.1354942159291497,22.0,False,True,2,3,1,True,False,1,True,1
True,6.322727272727272,69.55,4.256321678298823,3.367295829986474,28.0,True,False,3,11,8,False,False,2,True,0
False,135.6333,135.6333,4.91730069488021,3.610917912644224,36.0,False,True,1,1,0,False,True,0,False,1
True,6.2375,6.2375,1.9792758428991133,4.127134385045092,61.0,True,False,3,1,0,False,False,0,True,0
False,13.0,13.0,2.6390573296152584,3.610917912644224,36.0,False,True,2,1,0,True,False,0,True,1
False,6.841666666666666,20.525,3.0692150503137943,3.4657359027997265,31.0,False,True,3,3,1,True,False,1,True,1
False,28.9896,57.9792,4.077184839375167,2.833213344056216,16.0,False,True,1,2,0,False,True,1,False,1
False,7.75,23.25,3.188416617383492,3.367295829986474,28.0,False,True,3,3,2,False,True,0,False,1
True,28.5,28.5,3.3843902633457743,3.8394523125933104,45.5,True,False,1,1,0,False,False,0,True,0
True,76.73125,153.4625,5.039951348430309,3.6635616461296463,38.0,True,False,1,2,0,False,False,1,True,0
True,6.0,18.0,2.9444389791664403,2.833213344056216,16.0,True,False,3,3,2,False,False,0,True,0
False,66.825,133.65,4.902678819257608,3.367295829986474,28.0,False,True,1,2,1,True,False,0,True,1
True,7.8958,7.8958,2.1855792552411137,3.367295829986474,28.0,True,False,3,1,0,False,False,0,True,0
True,33.3,66.6,4.213607983048918,3.4011973816621555,29.0,True,False,1,2,1,False,False,0,True,0
False,134.5,134.5,4.908971640319756,3.737669618283368,41.0,False,True,1,1,0,False,True,0,False,1
True,8.05,8.05,2.2027647577118348,3.828641396489095,45.0,True,False,3,1,0,False,False,0,True,1
True,35.5,35.5,3.597312260588446,3.828641396489095,45.0,True,False,1,1,0,False,False,0,True,0
False,8.666666666666666,26.0,3.295836866004329,1.0986122886681098,2.0,True,False,2,3,1,False,False,1,True,1
False,41.50103666666673,249.00622000000035,5.521485797552746,3.218875824868201,24.0,False,True,1,6,3,False,True,2,True,1
True,13.0,13.0,2.6390573296152584,3.367295829986474,28.0,True,False,2,1,0,False,False,0,True,0
True,13.0,13.0,2.6390573296152584,3.258096538021482,25.0,True,False,2,1,0,False,False,0,True,0
True,13.0,13.0,2.6390573296152584,3.610917912644224,36.0,True,False,2,1,0,False,False,0,True,0
False,13.0,13.0,2.6390573296152584,3.218875824868201,24.0,False,True,2,1,0,False,True,0,True,1
False,13.0,13.0,2.6390573296152584,3.713572066704308,40.0,False,True,2,1,0,False,True,0,True,1
False,8.05,16.1,2.8390784635086144,3.367295829986474,28.0,False,True,3,2,1,True,False,0,True,1
False,5.3,15.9,2.827313621929028,1.3862943611198906,3.0,True,False,3,3,1,False,False,1,True,1
True,8.6625,8.6625,2.2682524139135403,3.7612001156935615,42.0,True,False,3,1,0,False,False,0,True,0
True,9.225,9.225,2.324835701928865,3.1780538303479458,23.0,True,False,3,1,0,False,False,0,True,0
True,35.0,35.0,3.58351893845611,3.367295829986474,28.0,True,False,1,1,0,False,False,0,True,0
True,2.409733333333333,7.2292,2.1076888046179385,2.772588722239781,15.0,True,False,3,3,1,False,False,1,False,0
True,8.9,17.8,2.933856869835904,3.258096538021482,25.0,True,False,3,2,1,False,False,0,True,0
True,7.225,7.225,2.107178296651436,3.367295829986474,28.0,True,False,3,1,0,False,False,0,False,0
True,9.5,9.5,2.3513752571634776,3.367295829986474,28.0,True,False,3,1,0,False,False,0,True,0
False,27.5,55.0,4.02535169073515,3.1354942159291497,22.0,False,True,1,2,0,False,True,1,True,1
False,13.0,13.0,2.6390573296152584,3.6635616461296463,38.0,False,True,2,1,0,False,True,0,True,0
False,7.8792,7.8792,2.1837114628556327,3.367295829986474,28.0,False,True,3,1,0,False,True,0,False,1
False,7.8792,7.8792,2.1837114628556327,3.367295829986474,28.0,False,True,3,1,0,False,True,0,False,1
True,4.65,27.9,3.3638415951183864,3.713572066704308,40.0,True,False,3,6,1,False,False,4,True,0
True,13.8604,27.7208,3.357621598945279,3.4011973816621555,29.0,True,False,2,2,1,False,False,0,False,0
False,7.2271,14.4542,2.737880811060884,3.828641396489095,45.0,False,True,3,2,0,True,False,1,False,0
True,7.05,7.05,2.0856720914304723,3.58351893845611,35.0,True,False,3,1,0,False,False,0,True,0
True,7.75,15.5,2.803360380906535,3.367295829986474,28.0,True,False,3,2,1,False,False,0,False,0
True,7.25,7.25,2.110213200346589,3.4339872044851463,30.0,True,False,3,1,0,False,False,0,True,0
False,37.625,75.25,4.334017415487521,4.110873864173311,60.0,False,True,1,2,1,True,False,0,False,1
False,7.2292,7.2292,2.1076888046179385,3.367295829986474,28.0,False,True,3,1,0,True,False,0,False,1
False,7.75,7.75,2.169053700369523,3.367295829986474,28.0,False,True,3,1,0,False,True,0,False,1
False,69.3,69.3,4.252771798816619,3.218875824868201,24.0,False,True,1,1,0,False,False,0,False,1
True,27.72085,55.4417,4.0332082470129285,3.258096538021482,25.0,True,False,1,2,1,False,False,0,False,1
True,3.2479,6.4958,2.014342863683701,2.9444389791664403,18.0,True,False,3,2,1,False,False,0,True,0
True,8.05,8.05,2.2027647577118348,2.995732273553991,19.0,True,False,3,1,0,False,False,0,True,0
True,135.6333,135.6333,4.91730069488021,3.1354942159291497,22.0,True,False,1,1,0,False,False,0,False,0
False,4.215,21.075,3.0944457464900235,1.3862943611198906,3.0,False,True,3,5,3,False,True,1,True,0
False,41.0854,82.1708,4.420896324687287,3.367295829986474,28.0,False,True,1,2,1,True,False,0,False,1
False,7.25,7.25,2.110213200346589,3.1354942159291497,22.0,False,True,3,1,0,False,True,0,True,1
True,70.5,211.5,5.358941988364472,3.332204510175204,27.0,True,False,1,3,0,False,False,2,False,0
True,4.0125,4.0125,1.6119347926326877,3.044522437723423,20.0,True,False,3,1,0,False,False,0,False,0
True,7.775,7.775,2.1719067693519296,2.995732273553991,19.0,True,False,3,1,0,False,False,0,True,0
False,227.525,227.525,5.4316456135398825,3.7612001156935615,42.0,False,True,1,1,0,False,True,0,False,1
False,5.247233333333333,15.7417,2.817902613071225,0.6931471805599453,1.0,False,True,3,3,0,False,True,2,False,1
True,7.925,7.925,2.188856327665703,3.49650756146648,32.0,True,False,3,1,0,False,False,0,True,0
False,26.0,52.0,3.970291913552122,3.58351893845611,35.0,False,True,1,2,1,True,False,0,True,1
True,7.8958,7.8958,2.1855792552411137,3.367295829986474,28.0,True,False,3,1,0,False,False,0,True,0
True,73.5,73.5,4.310799125385514,2.9444389791664403,18.0,True,False,2,1,0,False,False,0,True,0
False,5.8625,46.9,3.8691155044168695,0.6931471805599453,1.0,True,False,3,8,5,False,False,2,True,0
False,13.0,13.0,2.6390573296152584,3.610917912644224,36.0,False,True,2,1,0,False,True,0,True,1
True,7.7292,7.7292,2.166673727622708,3.367295829986474,28.0,True,False,3,1,0,False,False,0,False,0
False,12.0,12.0,2.5649493574615367,2.8903717578961645,17.0,False,True,2,1,0,False,True,0,False,1
True,30.0,120.0,4.795790545596741,3.610917912644224,36.0,True,False,1,4,1,False,False,2,True,1
True,7.7958,7.7958,2.174274334826008,3.091042453358316,21.0,True,False,3,1,0,False,False,0,True,1
True,2.6416666666666666,7.925,2.188856327665703,3.367295829986474,28.0,True,False,3,3,2,False,False,0,True,0
False,56.6375,113.275,4.738607824217808,3.1780538303479458,23.0,False,True,1,2,1,False,True,0,False,1
False,5.566666666666666,16.7,2.873564639579784,3.218875824868201,24.0,False,True,3,3,0,True,False,2,True,1
True,7.7958,7.7958,2.174274334826008,3.1354942159291497,22.0,True,False,3,1,0,False,False,0,True,0
False,7.8542,7.8542,2.180891922715322,3.4657359027997265,31.0,False,True,3,1,0,False,True,0,True,0
True,26.0,26.0,3.295836866004329,3.8501476017100575,46.0,True,False,2,1,0,False,False,0,True,0
False,10.5,10.5,2.4423470353692043,3.1780538303479458,23.0,True,False,2,1,0,False,False,0,True,0
False,12.65,12.65,2.613739521630969,3.367295829986474,28.0,False,True,2,1,0,True,False,0,True,1
True,7.925,7.925,2.188856327665703,3.688879454113936,39.0,True,False,3,1,0,False,False,0,True,1
True,8.05,8.05,2.2027647577118348,3.295836866004329,26.0,True,False,3,1,0,False,False,0,True,0
False,4.9125,9.825,2.381858273888553,3.091042453358316,21.0,False,True,3,2,1,False,True,0,True,0
True,7.925,15.85,2.8243506567983707,3.367295829986474,28.0,True,False,3,2,1,False,False,0,True,0
False,8.6625,8.6625,2.2682524139135403,3.044522437723423,20.0,False,True,3,1,0,False,True,0,True,0
True,10.5,21.0,3.091042453358316,3.555348061489413,34.0,True,False,2,2,1,False,False,0,True,0
True,7.75,7.75,2.169053700369523,3.951243718581428,51.0,True,False,3,1,0,False,False,0,True,0
False,6.25,18.75,2.9831534913471307,1.3862943611198906,3.0,True,False,2,3,1,False,False,1,True,1
True,7.775,7.775,2.1719067693519296,3.091042453358316,21.0,True,False,3,1,0,False,False,0,True,0
False,5.09334,25.4667,3.275887339030031,3.367295829986474,28.0,False,True,3,5,3,False,True,1,True,0
True,7.8958,7.8958,2.1855792552411137,3.367295829986474,28.0,True,False,3,1,0,False,False,0,True,0
True,6.8583,6.8583,2.061570298060867,3.367295829986474,28.0,True,False,3,1,0,False,False,0,False,0
False,45.0,90.0,4.51085950651685,3.5263605246161616,33.0,False,True,1,2,1,False,True,0,False,1
True,0.0,0.0,0.0,3.367295829986474,28.0,True,False,2,1,0,False,False,0,True,0
True,7.925,7.925,2.188856327665703,3.80666248977032,44.0,True,False,3,1,0,False,False,0,True,1
False,8.05,8.05,2.2027647577118348,3.367295829986474,28.0,False,True,3,1,0,True,False,0,True,0
False,10.833333333333334,32.5,3.5115454388310208,3.555348061489413,34.0,False,True,2,3,1,True,False,1,True,1
False,4.333333333333333,13.0,2.6390573296152584,2.9444389791664403,18.0,False,True,2,3,0,False,True,2,True,1
True,13.0,13.0,2.6390573296152584,3.4339872044851463,30.0,True,False,2,1,0,False,False,0,True,0
False,8.049999999999999,24.15,3.224857896545748,2.3978952727983707,10.0,False,True,3,3,0,False,True,2,True,0
True,7.8958,7.8958,2.1855792552411137,3.367295829986474,28.0,True,False,3,1,0,False,False,0,False,0
True,7.7333,7.7333,2.167143305297764,3.091042453358316,21.0,True,False,3,1,0,False,False,0,False,0
True,7.875,7.875,2.18323833536148,3.4011973816621555,29.0,True,False,3,1,0,False,False,0,True,0
False,4.8,14.4,2.734367509419584,3.367295829986474,28.0,False,True,3,3,1,True,False,1,True,0
True,6.7375,20.2125,3.0545906305603445,2.9444389791664403,18.0,True,False,3,3,1,False,False,1,True,0
True,7.25,7.25,2.110213200346589,3.367295829986474,28.0,True,False,3,1,0,False,False,0,True,0
False,13.0,26.0,3.295836866004329,3.367295829986474,28.0,False,True,2,2,1,True,False,0,True,1
False,26.0,26.0,3.295836866004329,2.995732273553991,19.0,False,True,2,1,0,False,True,0,True,1
True,7.75,7.75,2.169053700369523,3.367295829986474,28.0,True,False,3,1,0,False,False,0,False,0
True,8.05,8.05,2.2027647577118348,3.49650756146648,32.0,True,False,3,1,0,False,False,0,True,1
True,26.55,26.55,3.316002535598924,3.367295829986474,28.0,True,False,1,1,0,False,False,0,True,1
False,8.05,16.1,2.8390784635086144,3.367295829986474,28.0,False,True,3,2,1,True,False,0,True,1
False,13.0,26.0,3.295836866004329,3.7612001156935615,42.0,False,True,2,2,1,True,False,0,True,1
True,7.125,7.125,2.094945728215801,2.8903717578961645,17.0,True,False,3,1,0,False,False,0,True,0
True,27.95,55.9,4.041295341132285,3.9318256327243257,50.0,True,False,1,2,1,False,False,0,True,0
False,30.0,120.0,4.795790545596741,2.70805020110221,14.0,False,True,1,4,1,False,True,2,True,1
False,6.875,34.375,3.566005355963401,3.091042453358316,21.0,False,True,3,5,2,False,True,2,True,0
False,3.125,18.75,2.9831534913471307,3.218875824868201,24.0,False,True,2,6,2,True,False,3,True,1
True,41.50103666666673,249.00622000000035,5.521485797552746,4.174387269895637,64.0,True,False,1,6,1,False,False,4,True,0
True,10.5,10.5,2.4423470353692043,3.4657359027997265,31.0,True,False,2,1,0,False,False,0,True,0
False,8.75,26.25,3.305053521109253,3.828641396489095,45.0,False,True,2,3,1,True,False,1,True,1
True,9.5,9.5,2.3513752571634776,3.044522437723423,20.0,True,False,3,1,0,False,False,0,True,0
True,3.8875,7.775,2.1719067693519296,3.258096538021482,25.0,True,False,3,2,1,False,False,0,True,0
False,13.0,13.0,2.6390573296152584,3.367295829986474,28.0,False,True,2,1,0,False,False,0,True,1
True,8.1125,8.1125,2.2096470973347766,3.367295829986474,28.0,True,False,3,1,0,False,False,0,True,1
False,27.2861,81.8583,4.417131919904876,1.6094379124341005,4.0,True,False,1,3,0,False,False,2,True,1
False,9.75,19.5,3.0204248861443626,2.6390573296152584,13.0,False,True,2,2,0,False,True,1,True,1
True,26.55,26.55,3.316002535598924,3.555348061489413,34.0,True,False,1,1,0,False,False,0,True,1
False,4.814575,19.2583,3.0085645861193133,1.791759469228055,5.0,False,True,3,4,2,False,True,1,False,1
False,30.5,30.5,3.449987545831587,3.970291913552122,52.0,True,False,1,1,0,False,False,0,True,1
True,6.9375,27.75,3.3586377672433594,3.610917912644224,36.0,True,False,2,4,1,False,False,2,True,0
True,9.98335,19.9667,3.0429354648621407,3.367295829986474,28.0,True,False,3,2,1,False,False,0,True,0
True,27.75,27.75,3.3586377672433594,3.4339872044851463,30.0,True,False,1,1,0,False,False,0,False,0
True,44.5521,89.1042,4.500966778400217,3.912023005428146,49.0,True,False,1,2,1,False,False,0,False,1
True,8.05,8.05,2.2027647577118348,3.367295829986474,28.0,True,False,3,1,0,False,False,0,True,0
True,7.8958,7.8958,2.1855792552411137,3.4011973816621555,29.0,True,False,3,1,0,False,False,0,False,1
True,26.55,26.55,3.316002535598924,4.189654742026425,65.0,True,False,1,1,0,False,False,0,True,0
False,25.93125,51.8625,3.967694202798607,3.367295829986474,28.0,False,True,1,2,1,True,False,0,True,1
False,10.5,10.5,2.4423470353692043,3.9318256327243257,50.0,False,True,2,1,0,False,True,0,True,1
True,7.75,7.75,2.169053700369523,3.367295829986474,28.0,True,False,3,1,0,False,False,0,False,0
True,26.55,26.55,3.316002535598924,3.8918202981106265,48.0,True,False,1,1,0,False,False,0,True,1
True,8.05,8.05,2.2027647577118348,3.555348061489413,34.0,True,False,3,1,0,False,False,0,True,0
True,38.5,38.5,3.676300671907076,3.871201010907891,47.0,True,False,1,1,0,False,False,0,True,0
True,13.0,13.0,2.6390573296152584,3.8918202981106265,48.0,True,False,2,1,0,False,False,0,True,0
True,8.05,8.05,2.2027647577118348,3.367295829986474,28.0,True,False,3,1,0,False,False,0,True,0
True,7.05,7.05,2.0856720914304723,3.6635616461296463,38.0,True,False,3,1,0,False,False,0,True,0
True,0.0,0.0,0.0,3.367295829986474,28.0,True,False,2,1,0,False,False,0,True,0
True,26.55,26.55,3.316002535598924,4.04305126783455,56.0,True,False,1,1,0,False,False,0,True,0
True,7.725,7.725,2.1661924680884908,3.367295829986474,28.0,True,False,3,1,0,False,False,0,False,0
False,4.814575,19.2583,3.0085645861193133,0.5596157879354227,0.75,False,True,3,4,2,False,True,1,False,1
True,7.25,7.25,2.110213200346589,3.367295829986474,28.0,True,False,3,1,0,False,False,0,True,0
True,8.6625,8.6625,2.2682524139135403,3.6635616461296463,38.0,True,False,3,1,0,False,False,0,True,0
False,6.9375,27.75,3.3586377672433594,3.5263605246161616,33.0,False,True,2,4,1,True,False,2,True,1
False,13.7917,13.7917,2.694066212646058,3.1780538303479458,23.0,False,True,2,1,0,True,False,0,False,1
False,9.8375,9.8375,2.38301234210666,3.1354942159291497,22.0,False,True,3,1,0,False,True,0,True,0
True,52.0,52.0,3.970291913552122,3.367295829986474,28.0,True,False,1,1,0,False,False,0,True,0
True,10.5,21.0,3.091042453358316,3.555348061489413,34.0,True,False,2,2,1,False,False,0,True,0
True,3.5229,7.0458,2.0851502161468174,3.4011973816621555,29.0,True,False,3,2,1,False,False,0,True,0
True,7.5208,7.5208,2.142510233146819,3.1354942159291497,22.0,True,False,3,1,0,False,False,0,True,0
False,6.14375,12.2875,2.586823743668066,1.0986122886681098,2.0,False,True,3,2,0,False,True,1,True,1
False,5.8625,46.9,3.8691155044168695,2.302585092994046,9.0,True,False,3,8,5,False,False,2,True,0
True,0.0,0.0,0.0,3.367295829986474,28.0,True,False,2,1,0,False,False,0,True,0
True,8.05,8.05,2.2027647577118348,3.9318256327243257,50.0,True,False,3,1,0,False,False,0,True,0
False,9.5875,9.5875,2.3596740599781727,4.158883083359672,63.0,False,True,3,1,0,True,False,0,True,1
True,45.5396,91.0792,4.5226490762785785,3.258096538021482,25.0,True,False,1,2,1,False,False,0,False,1
False,5.09334,25.4667,3.275887339030031,3.367295829986474,28.0,False,True,3,5,3,False,True,1,True,0
False,45.0,90.0,4.51085950651685,3.58351893845611,35.0,False,True,1,2,1,True,False,0,True,1
True,29.7,29.7,3.4242626545931514,4.07753744390572,58.0,True,False,1,1,0,False,False,0,False,0
True,8.05,8.05,2.2027647577118348,3.4339872044851463,30.0,True,False,3,1,0,False,False,0,True,0
False,5.3,15.9,2.827313621929028,2.302585092994046,9.0,True,False,3,3,1,False,False,1,True,1
True,9.98335,19.9667,3.0429354648621407,3.367295829986474,28.0,True,False,3,2,1,False,False,0,True,0
True,7.25,7.25,2.110213200346589,3.091042453358316,21.0,True,False,3,1,0,False,False,0,True,0
True,30.5,30.5,3.449987545831587,4.02535169073515,55.0,True,False,1,1,0,False,False,0,True,0
True,49.5042,49.5042,3.922056501139853,4.189654742026425,65.0,True,False,1,1,0,False,False,0,False,0
True,8.05,8.05,2.2027647577118348,3.091042453358316,21.0,True,False,3,1,0,False,False,0,True,0
True,14.4583,14.4583,2.738146075922933,3.367295829986474,28.0,True,False,3,1,0,False,False,0,False,0
False,39.13335,78.2667,4.37281811610993,4.007333185232471,54.0,False,True,1,2,1,False,True,0,False,1
True,15.1,15.1,2.778819271990417,3.367295829986474,28.0,True,False,3,1,0,False,False,0,True,0
False,37.8875,151.55,5.027492411162679,3.258096538021482,25.0,False,True,1,4,1,True,False,2,True,0
True,7.7958,7.7958,2.174274334826008,3.218875824868201,24.0,True,False,3,1,0,False,False,0,True,0
True,8.6625,8.6625,2.2682524139135403,2.8903717578961645,17.0,True,False,3,1,0,False,False,0,True,0
False,7.75,7.75,2.169053700369523,3.091042453358316,21.0,False,True,3,1,0,False,True,0,False,0
False,7.6292,7.6292,2.155151800914312,3.367295829986474,28.0,False,True,3,1,0,False,True,0,False,0
False,9.5875,9.5875,2.3596740599781727,3.6375861597263857,37.0,False,True,3,1,0,False,True,0,True,0
False,86.5,86.5,4.471638793363569,2.833213344056216,16.0,False,True,1,1,0,False,True,0,True,1
True,54.45,108.9,4.699570861409576,2.9444389791664403,18.0,True,False,1,2,1,False,False,0,False,0
False,8.666666666666666,26.0,3.295836866004329,3.5263605246161616,33.0,False,True,2,3,0,True,False,2,True,1
True,26.55,26.55,3.316002535598924,3.367295829986474,28.0,True,False,1,1,0,False,False,0,True,1
True,22.525,22.525,3.1580636854714434,3.367295829986474,28.0,True,False,3,1,0,False,False,0,True,0
True,56.4958,56.4958,4.05171190165724,3.295836866004329,26.0,True,False,3,1,0,False,False,0,True,1
True,7.75,7.75,2.169053700369523,3.4011973816621555,29.0,True,False,3,1,0,False,False,0,False,1
True,8.05,8.05,2.2027647577118348,3.367295829986474,28.0,True,False,3,1,0,False,False,0,True,0
True,26.2875,26.2875,3.3064287218760624,3.610917912644224,36.0,True,False,1,1,0,False,False,0,True,1
False,29.7,59.4,4.100989104940769,4.007333185232471,54.0,False,True,1,2,1,True,False,0,False,1
True,7.4958,7.4958,2.139571923732859,3.218875824868201,24.0,True,False,3,1,0,False,False,0,True,0
True,34.0208,34.0208,3.555942170685876,3.871201010907891,47.0,True,False,1,1,0,False,False,0,True,0
False,10.5,10.5,2.4423470353692043,3.555348061489413,34.0,False,True,2,1,0,True,False,0,True,1
True,24.15,24.15,3.224857896545748,3.367295829986474,28.0,True,False,3,1,0,False,False,0,False,0
False,13.0,26.0,3.295836866004329,3.610917912644224,36.0,False,True,2,2,1,True,False,0,True,1
True,7.8958,7.8958,2.1855792552411137,3.49650756146648,32.0,True,False,3,1,0,False,False,0,True,0
False,93.5,93.5,4.548599834499697,3.4339872044851463,30.0,False,True,1,1,0,False,True,0,True,1
True,7.8958,7.8958,2.1855792552411137,3.1354942159291497,22.0,True,False,3,1,0,False,False,0,True,0
True,7.225,7.225,2.107178296651436,3.367295829986474,28.0,True,False,3,1,0,False,False,0,False,0
False,28.9896,57.9792,4.077184839375167,3.80666248977032,44.0,False,True,1,2,0,True,False,1,False,1
True,7.2292,7.2292,2.1076888046179385,3.367295829986474,28.0,True,False,3,1,0,False,False,0,False,0
True,7.75,7.75,2.169053700369523,3.725693427236653,40.5,True,False,3,1,0,False,False,0,False,0
False,10.5,10.5,2.4423470353692043,3.9318256327243257,50.0,False,True,2,1,0,False,True,0,True,1
True,221.7792,221.7792,5.406181146423973,3.367295829986474,28.0,True,False,1,1,0,False,False,0,True,0
True,7.925,7.925,2.188856327665703,3.688879454113936,39.0,True,False,3,1,0,False,False,0,True,0
True,2.875,11.5,2.525728644308256,3.1780538303479458,23.0,True,False,2,4,2,False,False,1,True,0
False,8.666666666666666,26.0,3.295836866004329,1.0986122886681098,2.0,False,True,2,3,1,False,True,1,True,1
True,7.2292,7.2292,2.1076888046179385,3.367295829986474,28.0,True,False,3,1,0,False,False,0,False,0
True,2.409733333333333,7.2292,2.1076888046179385,2.8903717578961645,17.0,True,False,3,3,1,False,False,1,False,0
False,7.452766666666666,22.3583,3.1509523813392697,3.367295829986474,28.0,False,True,3,3,0,True,False,2,False,1
False,8.6625,8.6625,2.2682524139135403,3.4339872044851463,30.0,False,True,3,1,0,False,True,0,True,0
False,8.75,26.25,3.305053521109253,2.079441541679836,7.0,False,True,2,3,0,False,True,2,True,1
False,26.55,26.55,3.316002535598924,3.828641396489095,45.0,True,False,1,1,0,False,False,0,True,0
False,106.425,106.425,4.676792929661059,3.4339872044851463,30.0,False,True,1,1,0,False,True,0,False,1
True,14.5,14.5,2.740840023925201,3.367295829986474,28.0,True,False,3,1,0,False,False,0,True,0
False,16.5,49.5,3.9219733362813134,3.1354942159291497,22.0,False,True,1,3,0,False,True,2,False,1
False,23.666666666666668,71.0,4.276666119016055,3.610917912644224,36.0,False,True,1,3,0,False,True,2,True,1
False,4.467857142857143,31.275,3.4742929367327062,2.302585092994046,9.0,False,True,3,7,4,False,True,2,True,0
False,4.467857142857143,31.275,3.4742929367327062,2.4849066497880004,11.0,False,True,3,7,4,False,True,2,True,0
True,13.0,26.0,3.295836866004329,3.49650756146648,32.0,True,False,2,2,1,False,False,0,True,1
True,53.2125,106.425,4.676792929661059,3.9318256327243257,50.0,True,False,1,2,1,False,False,0,False,0
True,26.0,26.0,3.295836866004329,4.174387269895637,64.0,True,False,1,1,0,False,False,0,True,0
False,13.0,26.0,3.295836866004329,2.995732273553991,19.0,False,True,2,2,1,True,False,0,True,1
True,13.8625,13.8625,2.6988412620169004,3.367295829986474,28.0,True,False,2,1,0,False,False,0,False,1
True,6.841666666666666,20.525,3.0692150503137943,3.5263605246161616,33.0,True,False,3,3,1,False,False,1,True,0
False,12.25,36.75,3.6309854756950335,2.19722457733622,8.0,True,False,2,3,1,False,False,1,True,1
True,36.9611,110.8833,4.717456363787216,2.8903717578961645,17.0,True,False,1,3,0,False,False,2,False,1
True,26.0,26.0,3.295836866004329,3.332204510175204,27.0,True,False,2,1,0,False,False,0,True,0
True,7.8292,7.8292,2.17806441028492,3.367295829986474,28.0,True,False,3,1,0,False,False,0,False,0
True,7.225,7.225,2.107178296651436,3.1354942159291497,22.0,True,False,3,1,0,False,False,0,False,1
False,7.775,7.775,2.1719067693519296,3.1354942159291497,22.0,False,True,3,1,0,False,True,0,True,1
True,26.55,26.55,3.316002535598924,4.143134726391533,62.0,True,False,1,1,0,False,False,0,True,0
False,19.8,39.6,3.703768066607687,3.8918202981106265,48.0,False,True,1,2,1,False,False,0,False,1
True,227.525,227.525,5.4316456135398825,3.367295829986474,28.0,True,False,1,1,0,False,False,0,False,0
False,26.55,79.65,4.390118804571218,3.688879454113936,39.0,False,True,1,3,1,True,False,1,True,1
False,8.7,17.4,2.91235066461494,3.610917912644224,36.0,False,True,3,2,1,True,False,0,True,1
True,7.75,7.75,2.169053700369523,3.367295829986474,28.0,True,False,3,1,0,False,False,0,False,0
True,7.8958,7.8958,2.1855792552411137,3.713572066704308,40.0,True,False,3,1,0,False,False,0,True,0
True,13.5,13.5,2.6741486494265287,3.367295829986474,28.0,True,False,2,1,0,False,False,0,True,0
True,8.05,8.05,2.2027647577118348,3.367295829986474,28.0,True,False,3,1,0,False,False,0,True,0
False,8.05,8.05,2.2027647577118348,3.367295829986474,28.0,False,True,3,1,0,False,True,0,True,0
True,8.049999999999999,24.15,3.224857896545748,3.218875824868201,24.0,True,False,3,3,2,False,False,0,True,0
True,7.8958,7.8958,2.1855792552411137,2.995732273553991,19.0,True,False,3,1,0,False,False,0,True,0
False,4.215,21.075,3.0944457464900235,3.4011973816621555,29.0,False,True,3,5,0,True,False,4,True,0
True,7.2292,7.2292,2.1076888046179385,3.367295829986474,28.0,True,False,3,1,0,False,False,0,False,0
True,7.8542,7.8542,2.180891922715322,3.49650756146648,32.0,True,False,3,1,0,False,False,0,True,1
True,10.5,10.5,2.4423470353692043,4.143134726391533,62.0,True,False,2,1,0,False,False,0,True,1
False,17.15973333333333,51.4792,3.960416900617205,3.9889840465642745,53.0,False,True,1,3,2,True,False,0,True,1
True,26.3875,26.3875,3.3100867049215847,3.610917912644224,36.0,True,False,1,1,0,False,False,0,True,1
False,7.75,7.75,2.169053700369523,3.367295829986474,28.0,False,True,3,1,0,False,True,0,False,1
True,8.05,8.05,2.2027647577118348,2.833213344056216,16.0,True,False,3,1,0,False,False,0,True,0
True,14.5,14.5,2.740840023925201,2.995732273553991,19.0,True,False,3,1,0,False,False,0,True,0
False,13.0,13.0,2.6390573296152584,3.555348061489413,34.0,False,True,2,1,0,False,True,0,True,1
False,27.95,55.9,4.041295341132285,3.688879454113936,39.0,False,True,1,2,1,True,False,0,True,1
False,7.22915,14.4583,2.738146075922933,3.367295829986474,28.0,False,True,3,2,1,True,False,0,False,0
True,7.925,7.925,2.188856327665703,3.49650756146648,32.0,True,False,3,1,0,False,False,0,True,1
False,10.0,30.0,3.4339872044851463,3.258096538021482,25.0,False,True,2,3,1,False,True,1,True,1
False,36.9611,110.8833,4.717456363787216,3.688879454113936,39.0,False,True,1,3,1,True,False,1,False,1
True,26.0,26.0,3.295836866004329,4.007333185232471,54.0,True,False,2,1,0,False,False,0,True,0
True,40.125,40.125,3.716616209085536,3.610917912644224,36.0,True,False,1,1,0,False,False,0,False,0
True,8.7125,8.7125,2.2734137156937657,3.367295829986474,28.0,True,False,3,1,0,False,False,0,False,0
False,26.55,79.65,4.390118804571218,2.9444389791664403,18.0,False,True,1,3,0,False,True,2,True,1
True,15.0,15.0,2.772588722239781,3.871201010907891,47.0,True,False,2,1,0,False,False,0,True,0
True,26.4,79.2,4.384523514872469,4.110873864173311,60.0,True,False,1,3,1,False,False,1,False,1
True,8.05,8.05,2.2027647577118348,3.1354942159291497,22.0,True,False,3,1,0,False,False,0,True,0
True,8.05,8.05,2.2027647577118348,3.367295829986474,28.0,True,False,3,1,0,False,False,0,True,0
True,7.125,7.125,2.094945728215801,3.58351893845611,35.0,True,False,3,1,0,False,False,0,True,0
False,39.13335,78.2667,4.37281811610993,3.970291913552122,52.0,False,True,1,2,1,True,False,0,False,1
True,7.25,7.25,2.110213200346589,3.871201010907891,47.0,True,False,3,1,0,False,False,0,True,0
False,2.583333333333333,7.75,2.169053700369523,3.367295829986474,28.0,False,True,3,3,0,False,True,2,False,0
True,13.0,26.0,3.295836866004329,3.6375861597263857,37.0,True,False,2,2,1,False,False,0,True,0
True,8.049999999999999,24.15,3.224857896545748,3.610917912644224,36.0,True,False,3,3,1,False,False,1,True,0
False,33.0,33.0,3.5263605246161616,3.367295829986474,28.0,False,True,2,1,0,False,True,0,True,1
True,0.0,0.0,0.0,3.912023005428146,49.0,True,False,3,1,0,False,False,0,True,0
True,7.225,7.225,2.107178296651436,3.367295829986474,28.0,True,False,3,1,0,False,False,0,False,0
False,28.4646,56.9292,4.0592215752427645,3.912023005428146,49.0,True,False,1,2,1,False,False,0,False,1
False,6.75,27.0,3.332204510175204,3.218875824868201,24.0,False,True,2,4,2,True,False,1,True,1
True,7.8958,7.8958,2.1855792552411137,3.367295829986474,28.0,True,False,3,1,0,False,False,0,True,0
True,42.4,42.4,3.770459441106359,3.367295829986474,28.0,True,False,1,1,0,False,False,0,True,0
True,8.05,8.05,2.2027647577118348,3.80666248977032,44.0,True,False,3,1,0,False,False,0,True,0
True,26.55,26.55,3.316002535598924,3.58351893845611,35.0,True,False,1,1,0,False,False,0,False,1
True,7.775,15.55,2.806386101823072,3.610917912644224,36.0,True,False,3,2,1,False,False,0,True,0
True,7.8958,7.8958,2.1855792552411137,3.4339872044851463,30.0,True,False,3,1,0,False,False,0,True,0
True,30.5,30.5,3.449987545831587,3.332204510175204,27.0,True,False,1,1,0,False,False,0,True,1
False,10.3948,41.5792,3.751365871125377,3.1354942159291497,22.0,False,True,2,4,1,True,False,2,False,1
False,153.4625,153.4625,5.039951348430309,3.713572066704308,40.0,False,True,1,1,0,False,True,0,True,1
False,4.467857142857143,31.275,3.4742929367327062,3.688879454113936,39.0,False,True,3,7,1,True,False,5,True,0
True,7.05,7.05,2.0856720914304723,3.367295829986474,28.0,True,False,3,1,0,False,False,0,True,0
False,7.75,15.5,2.803360380906535,3.367295829986474,28.0,False,True,3,2,1,False,True,0,False,1
True,7.75,7.75,2.169053700369523,3.367295829986474,28.0,True,False,3,1,0,False,False,0,False,0
True,8.05,8.05,2.2027647577118348,3.58351893845611,35.0,True,False,3,1,0,False,False,0,True,0
False,16.25,65.0,4.189654742026425,3.218875824868201,24.0,False,True,2,4,1,False,True,2,True,1
True,4.8,14.4,2.734367509419584,3.555348061489413,34.0,True,False,3,3,1,False,False,1,True,0
False,8.05,16.1,2.8390784635086144,3.295836866004329,26.0,False,True,3,2,1,True,False,0,True,0
False,9.75,39.0,3.688879454113936,1.6094379124341005,4.0,False,True,2,4,2,False,True,1,True,1
True,10.5,10.5,2.4423470353692043,3.295836866004329,26.0,True,False,2,1,0,False,False,0,True,0
True,7.2271,14.4542,2.737880811060884,3.332204510175204,27.0,True,False,3,2,1,False,False,0,False,0
True,26.2771,52.5542,3.980694225190728,3.7612001156935615,42.0,True,False,1,2,1,False,False,0,True,1
True,5.247233333333333,15.7417,2.817902613071225,3.044522437723423,20.0,True,False,3,3,1,False,False,1,False,1
True,7.8542,7.8542,2.180891922715322,3.091042453358316,21.0,True,False,3,1,0,False,False,0,True,0
True,16.1,16.1,2.8390784635086144,3.091042453358316,21.0,True,False,3,1,0,False,False,0,True,0
True,32.3208,32.3208,3.5061818266142577,4.127134385045092,61.0,True,False,1,1,0,False,False,0,True,0
False,12.35,12.35,2.5915163848462583,4.060443010546419,57.0,True,False,2,1,0,False,False,0,False,0
False,77.9583,77.9583,4.368919865004903,3.091042453358316,21.0,False,True,1,1,0,False,True,0,True,1
True,7.8958,7.8958,2.1855792552411137,3.295836866004329,26.0,True,False,3,1,0,False,False,0,True,0
True,7.7333,7.7333,2.167143305297764,3.367295829986474,28.0,True,False,3,1,0,False,False,0,False,0
True,30.0,30.0,3.4339872044851463,4.189654742026425,65.0,True,False,1,1,0,False,False,0,True,1
True,7.0542,7.0542,2.086193694502369,3.951243718581428,51.0,True,False,3,1,0,False,False,0,True,0
False,30.5,30.5,3.449987545831587,3.49650756146648,32.0,True,False,1,1,0,False,False,0,False,1
True,0.0,0.0,0.0,3.367295829986474,28.0,True,False,1,1,0,False,False,0,True,0
False,4.65,27.9,3.3638415951183864,2.302585092994046,9.0,False,True,3,6,3,False,True,2,True,0
False,13.0,13.0,2.6390573296152584,3.367295829986474,28.0,False,True,2,1,0,False,True,0,True,1
True,7.925,7.925,2.188856327665703,3.49650756146648,32.0,True,False,3,1,0,False,False,0,True,0
True,8.75,26.25,3.305053521109253,3.4657359027997265,31.0,True,False,2,3,1,False,False,1,True,0
False,6.614583333333333,39.6875,3.705920919968788,3.737669618283368,41.0,False,True,3,6,0,True,False,5,True,0
True,8.05,16.1,2.8390784635086144,3.367295829986474,28.0,True,False,3,2,1,False,False,0,True,0
True,7.8542,7.8542,2.180891922715322,3.044522437723423,20.0,True,False,3,1,0,False,False,0,True,0
False,69.3,69.3,4.252771798816619,3.218875824868201,24.0,False,True,1,1,0,False,False,0,False,1
False,4.65,27.9,3.3638415951183864,1.0986122886681098,2.0,False,True,3,6,3,False,True,2,True,0
True,56.4958,56.4958,4.05171190165724,3.367295829986474,28.0,True,False,3,1,0,False,False,0,True,1
False,4.814575,19.2583,3.0085645861193133,0.5596157879354227,0.75,False,True,3,4,2,False,True,1,False,1
True,38.3646,76.7292,4.353230991152628,3.8918202981106265,48.0,True,False,1,2,1,False,False,0,False,1
True,7.8958,7.8958,2.1855792552411137,2.995732273553991,19.0,True,False,3,1,0,False,False,0,True,0
False,35.5,35.5,3.597312260588446,4.04305126783455,56.0,True,False,1,1,0,False,False,0,False,1
True,7.55,7.55,2.145931282948669,3.367295829986474,28.0,True,False,3,1,0,False,False,0,True,0
False,7.55,7.55,2.145931282948669,3.1780538303479458,23.0,False,True,3,1,0,False,True,0,True,1
True,7.8958,7.8958,2.1855792552411137,3.367295829986474,28.0,True,False,3,1,0,False,False,0,True,0
False,11.5,23.0,3.1780538303479458,2.9444389791664403,18.0,False,True,2,2,0,False,True,1,True,1
True,8.4333,8.4333,2.244245982405934,3.091042453358316,21.0,True,False,3,1,0,False,False,0,True,0
False,7.8292,7.8292,2.17806441028492,3.367295829986474,28.0,False,True,3,1,0,False,True,0,False,1
False,6.75,6.75,2.0476928433652555,2.9444389791664403,18.0,False,True,3,1,0,False,True,0,False,0
True,24.5,73.5,4.310799125385514,3.218875824868201,24.0,True,False,2,3,2,False,False,0,True,0
True,7.8958,7.8958,2.1855792552411137,3.367295829986474,28.0,True,False,3,1,0,False,False,0,True,0
False,5.166666666666667,15.5,2.803360380906535,3.49650756146648,32.0,False,True,3,3,1,True,False,1,False,0
True,13.0,13.0,2.6390573296152584,3.1780538303479458,23.0,True,False,2,1,0,False,False,0,True,0
True,37.75833333333333,113.275,4.738607824217808,4.07753744390572,58.0,True,False,1,3,0,False,False,2,False,0
False,44.55,133.65,4.902678819257608,3.9318256327243257,50.0,True,False,1,3,2,False,False,0,True,1
True,7.225,7.225,2.107178296651436,3.713572066704308,40.0,True,False,3,1,0,False,False,0,False,0
True,25.5875,25.5875,3.280441180526356,3.871201010907891,47.0,True,False,1,1,0,False,False,0,True,0
True,7.4958,7.4958,2.139571923732859,3.610917912644224,36.0,True,False,3,1,0,False,False,0,True,0
True,3.9625,7.925,2.188856327665703,3.044522437723423,20.0,True,False,3,2,1,False,False,0,True,1
True,24.5,73.5,4.310799125385514,3.49650756146648,32.0,True,False,2,3,2,False,False,0,True,0
True,13.0,13.0,2.6390573296152584,3.258096538021482,25.0,True,False,2,1,0,False,False,0,True,0
True,7.775,7.775,2.1719067693519296,3.367295829986474,28.0,True,False,3,1,0,False,False,0,True,0
True,8.05,8.05,2.2027647577118348,3.784189633918261,43.0,True,False,3,1,0,False,False,0,True,0
False,26.0,52.0,3.970291913552122,3.367295829986474,28.0,False,True,1,2,1,True,False,0,True,1
False,13.0,39.0,3.688879454113936,3.713572066704308,40.0,False,True,2,3,1,True,False,1,True,1
True,26.0,52.0,3.970291913552122,3.4657359027997265,31.0,True,False,1,2,1,False,False,0,True,0
True,10.5,10.5,2.4423470353692043,4.189654742026425,65.0,True,False,2,1,0,False,False,0,True,0
True,13.0,13.0,2.6390573296152584,3.4657359027997265,31.0,True,False,2,1,0,False,False,0,True,1
True,0.0,0.0,0.0,3.367295829986474,28.0,True,False,2,1,0,False,False,0,True,0
True,7.775,7.775,2.1719067693519296,2.9444389791664403,18.0,True,False,3,1,0,False,False,0,True,0
True,8.05,8.05,2.2027647577118348,3.2386784521643803,24.5,True,False,3,1,0,False,False,0,True,0
False,9.8417,9.8417,2.383399810283765,2.9444389791664403,18.0,False,True,3,1,0,False,True,0,True,1
False,5.8625,46.9,3.8691155044168695,3.784189633918261,43.0,False,True,3,8,1,True,False,6,True,0
True,124.50311000000018,249.00622000000035,5.521485797552746,3.610917912644224,36.0,True,False,1,2,0,False,False,1,False,1
False,8.1375,8.1375,2.212386825075897,3.367295829986474,28.0,False,True,3,1,0,False,True,0,False,0
True,76.7292,76.7292,4.353230991152628,3.332204510175204,27.0,True,False,1,1,0,False,False,0,False,1
True,9.225,9.225,2.324835701928865,3.044522437723423,20.0,True,False,3,1,0,False,False,0,True,0
True,5.8625,46.9,3.8691155044168695,2.70805020110221,14.0,True,False,3,8,5,False,False,2,True,0
True,13.0,39.0,3.688879454113936,4.110873864173311,60.0,True,False,2,3,1,False,False,1,True,0
True,10.3948,41.5792,3.751365871125377,3.258096538021482,25.0,True,False,2,4,1,False,False,2,False,0
True,6.614583333333333,39.6875,3.705920919968788,2.70805020110221,14.0,True,False,3,6,4,False,False,1,True,0
True,10.1708,10.1708,2.413303230928308,2.995732273553991,19.0,True,False,3,1,0,False,False,0,True,0
True,7.7958,7.7958,2.174274334826008,2.9444389791664403,18.0,True,False,3,1,0,False,False,0,True,0
False,105.66875,211.3375,5.35817698994543,2.772588722239781,15.0,False,True,1,2,0,False,True,1,True,1
True,28.5,57.0,4.060443010546419,3.4657359027997265,31.0,True,False,1,2,1,False,False,0,True,1
False,6.70835,13.4167,2.668387256845834,1.6094379124341005,4.0,False,True,3,2,0,False,True,1,False,1
True,56.4958,56.4958,4.05171190165724,3.367295829986474,28.0,True,False,3,1,0,False,False,0,True,1
True,7.225,7.225,2.107178296651436,3.258096538021482,25.0,True,False,3,1,0,False,False,0,False,0
False,26.55,26.55,3.316002535598924,4.110873864173311,60.0,True,False,1,1,0,False,False,0,True,0
True,13.5,13.5,2.6741486494265287,3.970291913552122,52.0,True,False,2,1,0,False,False,0,True,0
True,8.05,8.05,2.2027647577118348,3.80666248977032,44.0,True,False,3,1,0,False,False,0,True,0
False,7.7333,7.7333,2.167143305297764,3.367295829986474,28.0,False,True,3,1,0,False,True,0,False,1
True,36.9611,110.8833,4.717456363787216,3.912023005428146,49.0,True,False,1,3,1,False,False,1,False,0
True,7.65,7.65,2.157559320943788,3.7612001156935615,42.0,True,False,3,1,0,False,False,0,True,0
False,113.7625,227.525,5.4316456135398825,2.9444389791664403,18.0,False,True,1,2,1,True,False,0,False,1
True,26.2875,26.2875,3.3064287218760624,3.58351893845611,35.0,True,False,1,1,0,False,False,0,True,1
False,7.2271,14.4542,2.737880811060884,2.9444389791664403,18.0,False,True,3,2,0,False,True,1,False,0
True,7.7417,7.7417,2.1681046787623672,3.258096538021482,25.0,True,False,3,1,0,False,False,0,False,0
True,3.9271,7.8542,2.180891922715322,3.295836866004329,26.0,True,False,3,2,1,False,False,0,True,0
True,26.0,26.0,3.295836866004329,3.688879454113936,39.0,True,False,2,1,0,False,False,0,True,0
False,13.5,13.5,2.6741486494265287,3.828641396489095,45.0,False,True,2,1,0,True,False,0,True,1
True,26.2875,26.2875,3.3064287218760624,3.7612001156935615,42.0,True,False,1,1,0,False,False,0,True,1
False,151.55,151.55,5.027492411162679,3.1354942159291497,22.0,False,True,1,1,0,False,True,0,True,1
False,5.081933333333333,15.2458,2.787834413830345,3.367295829986474,28.0,True,False,3,3,1,False,False,1,False,1
False,49.5042,49.5042,3.922056501139853,3.218875824868201,24.0,False,True,1,1,0,False,False,0,False,1
True,26.55,26.55,3.316002535598924,3.367295829986474,28.0,True,False,1,1,0,False,False,0,True,0
True,26.0,52.0,3.970291913552122,3.8918202981106265,48.0,True,False,1,2,1,False,False,0,True,1
True,9.4833,9.4833,2.3497835148230464,3.4011973816621555,29.0,True,False,3,1,0,False,False,0,True,0
True,13.0,13.0,2.6390573296152584,3.970291913552122,52.0,True,False,2,1,0,False,False,0,True,0
True,7.65,7.65,2.157559320943788,2.995732273553991,19.0,True,False,3,1,0,False,False,0,True,0
False,227.525,227.525,5.4316456135398825,3.6635616461296463,38.0,False,True,1,1,0,False,True,0,False,1
False,10.5,10.5,2.4423470353692043,3.332204510175204,27.0,False,True,2,1,0,False,True,0,True,1
True,15.5,15.5,2.803360380906535,3.367295829986474,28.0,True,False,3,1,0,False,False,0,False,0
True,7.775,7.775,2.1719067693519296,3.5263605246161616,33.0,True,False,3,1,0,False,False,0,True,0
False,16.5,33.0,3.5263605246161616,1.9459101490553128,6.0,False,True,2,2,0,False,True,1,True,1
True,3.5271,7.0542,2.086193694502369,2.8903717578961645,17.0,True,False,3,2,1,False,False,0,True,0
True,13.0,13.0,2.6390573296152584,3.555348061489413,34.0,True,False,2,1,0,False,False,0,True,0
True,13.0,13.0,2.6390573296152584,3.9318256327243257,50.0,True,False,2,1,0,False,False,0,True,0
True,26.55,53.1,3.990834185852436,3.332204510175204,27.0,True,False,1,2,1,False,False,0,True,1
True,8.6625,8.6625,2.2682524139135403,3.044522437723423,20.0,True,False,3,1,0,False,False,0,True,0
False,5.25,21.0,3.091042453358316,3.4339872044851463,30.0,False,True,2,4,3,True,False,0,True,1
False,7.7375,7.7375,2.1676241075599285,3.367295829986474,28.0,False,True,3,1,0,False,True,0,False,1
True,13.0,26.0,3.295836866004329,3.258096538021482,25.0,True,False,2,2,1,False,False,0,True,0
False,3.9625,7.925,2.188856327665703,3.258096538021482,25.0,False,True,3,2,1,False,True,0,True,0
False,211.3375,211.3375,5.35817698994543,3.4011973816621555,29.0,False,True,1,1,0,False,True,0,True,1
True,18.7875,18.7875,2.9850504252071306,2.4849066497880004,11.0,True,False,3,1,0,False,False,0,False,0
True,0.0,0.0,0.0,3.367295829986474,28.0,True,False,2,1,0,False,False,0,True,0
True,13.0,13.0,2.6390573296152584,3.1780538303479458,23.0,True,False,2,1,0,False,False,0,True,0
True,13.0,13.0,2.6390573296152584,3.1780538303479458,23.0,True,False,2,1,0,False,False,0,True,0
True,16.1,16.1,2.8390784635086144,3.3843902633457743,28.5,True,False,3,1,0,False,False,0,True,0
False,6.875,34.375,3.566005355963401,3.8918202981106265,48.0,False,True,3,5,1,True,False,3,True,0
True,249.00622000000035,249.00622000000035,5.521485797552746,3.58351893845611,35.0,True,False,1,1,0,False,False,0,False,1
True,7.8958,7.8958,2.1855792552411137,3.367295829986474,28.0,True,False,3,1,0,False,False,0,True,0
True,7.8958,7.8958,2.1855792552411137,3.367295829986474,28.0,True,False,3,1,0,False,False,0,True,0
True,30.0,30.0,3.4339872044851463,3.367295829986474,28.0,True,False,1,1,0,False,False,0,True,1
True,39.425,78.85,4.380149874661021,3.610917912644224,36.0,True,False,1,2,1,False,False,0,True,0
False,49.80124400000007,249.00622000000035,5.521485797552746,3.091042453358316,21.0,False,True,1,5,2,False,True,2,False,1
True,8.05,16.1,2.8390784635086144,3.218875824868201,24.0,True,False,3,2,1,False,False,0,True,0
True,7.925,7.925,2.188856327665703,3.4657359027997265,31.0,True,False,3,1,0,False,False,0,True,1
False,23.666666666666668,71.0,4.276666119016055,4.189654742026425,65.0,True,False,1,3,1,False,False,1,True,0
True,6.75,20.25,3.056356895370426,2.833213344056216,16.0,True,False,3,3,1,False,False,1,True,0
False,13.0,13.0,2.6390573296152584,3.4339872044851463,30.0,False,True,2,1,0,False,True,0,True,1
True,26.55,53.1,3.990834185852436,2.995732273553991,19.0,True,False,1,2,1,False,False,0,True,0
True,7.75,7.75,2.169053700369523,3.4657359027997265,31.0,True,False,3,1,0,False,False,0,False,0
False,7.666666666666667,23.0,3.1780538303479458,1.6094379124341005,4.0,False,True,2,3,1,False,True,1,True,1
False,6.2375,12.475,2.600836116795061,1.9459101490553128,6.0,True,False,3,2,0,False,False,1,True,1
True,9.5,9.5,2.3513752571634776,3.5263605246161616,33.0,True,False,3,1,0,False,False,0,True,0
True,7.8958,7.8958,2.1855792552411137,3.1780538303479458,23.0,True,False,3,1,0,False,False,0,True,0
False,16.25,65.0,4.189654742026425,3.8918202981106265,48.0,False,True,2,4,1,True,False,2,True,1
False,4.833333333333333,14.5,2.740840023925201,0.5128236264286639,0.67,True,False,2,3,1,False,False,1,True,1
True,7.7958,7.7958,2.174274334826008,3.367295829986474,28.0,True,False,3,1,0,False,False,0,True,0
True,11.5,11.5,2.525728644308256,2.9444389791664403,18.0,True,False,2,1,0,False,False,0,True,0
True,8.05,8.05,2.2027647577118348,3.555348061489413,34.0,True,False,3,1,0,False,False,0,True,0
False,86.5,86.5,4.471638793363569,3.5263605246161616,33.0,False,True,1,1,0,False,False,0,True,1
True,14.5,14.5,2.740840023925201,3.367295829986474,28.0,True,False,3,1,0,False,False,0,True,0
True,7.125,7.125,2.094945728215801,3.737669618283368,41.0,True,False,3,1,0,False,False,0,True,0
True,7.2292,7.2292,2.1076888046179385,3.044522437723423,20.0,True,False,3,1,0,False,False,0,False,1
False,30.0,120.0,4.795790545596741,3.610917912644224,36.0,False,True,1,4,1,True,False,2,True,1
True,7.775,7.775,2.1719067693519296,2.833213344056216,16.0,True,False,3,1,0,False,False,0,True,0
False,38.97915,77.9583,4.368919865004903,3.951243718581428,51.0,False,True,1,2,1,True,False,0,True,1
False,39.6,39.6,3.703768066607687,3.367295829986474,28.0,True,False,1,1,0,False,False,0,False,0
False,7.75,7.75,2.169053700369523,3.449987545831587,30.5,False,True,3,1,0,False,True,0,False,0
True,12.075,24.15,3.224857896545748,3.367295829986474,28.0,True,False,3,2,1,False,False,0,False,0
True,8.3625,8.3625,2.236712348843338,3.49650756146648,32.0,True,False,3,1,0,False,False,0,True,0
True,9.5,9.5,2.3513752571634776,3.218875824868201,24.0,True,False,3,1,0,False,False,0,True,0
True,7.8542,7.8542,2.180891922715322,3.8918202981106265,48.0,True,False,3,1,0,False,False,0,True,0
False,10.5,10.5,2.4423470353692043,4.060443010546419,57.0,False,True,2,1,0,True,False,0,True,0
True,7.225,7.225,2.107178296651436,3.367295829986474,28.0,True,False,3,1,0,False,False,0,False,0
False,4.6,23.0,3.1780538303479458,4.007333185232471,54.0,False,True,2,5,1,True,False,3,True,1
True,7.75,7.75,2.169053700369523,2.9444389791664403,18.0,True,False,3,1,0,False,False,0,True,0
True,7.75,7.75,2.169053700369523,3.367295829986474,28.0,True,False,3,1,0,False,False,0,False,0
False,12.475,12.475,2.600836116795061,1.791759469228055,5.0,False,True,3,1,0,False,True,0,True,1
True,7.7375,7.7375,2.1676241075599285,3.367295829986474,28.0,True,False,3,1,0,False,False,0,False,0
False,105.66875,211.3375,5.35817698994543,3.784189633918261,43.0,False,True,1,2,0,True,False,1,True,1
False,7.2292,7.2292,2.1076888046179385,2.6390573296152584,13.0,False,True,3,1,0,False,True,0,False,1
False,28.5,57.0,4.060443010546419,2.8903717578961645,17.0,False,True,1,2,1,True,False,0,True,1
True,30.0,30.0,3.4339872044851463,3.4011973816621555,29.0,True,False,1,1,0,False,False,0,True,0
True,5.8625,23.45,3.196630215920881,3.367295829986474,28.0,True,False,3,4,1,False,False,2,True,0
True,7.05,7.05,2.0856720914304723,3.258096538021482,25.0,True,False,3,1,0,False,False,0,True,0
True,7.25,7.25,2.110213200346589,3.258096538021482,25.0,True,False,3,1,0,False,False,0,True,0
False,7.4958,7.4958,2.139571923732859,2.9444389791664403,18.0,False,True,3,1,0,False,True,0,True,1
False,4.854166666666667,29.125,3.405355391810819,2.19722457733622,8.0,True,False,3,6,4,False,False,1,False,0
False,5.14375,20.575,3.0715352369694915,0.6931471805599453,1.0,True,False,3,4,1,False,False,2,True,1
True,79.2,79.2,4.384523514872469,3.8501476017100575,46.0,True,False,1,1,0,False,False,0,False,0
True,7.75,7.75,2.169053700369523,3.367295829986474,28.0,True,False,3,1,0,False,False,0,False,0
True,26.0,26.0,3.295836866004329,2.833213344056216,16.0,True,False,2,1,0,False,False,0,True,0
False,6.322727272727272,69.55,4.256321678298823,3.367295829986474,28.0,False,True,3,11,8,False,True,2,True,0
True,30.6958,30.6958,3.4561841799918147,3.367295829986474,28.0,True,False,1,1,0,False,False,0,False,0
True,7.8958,7.8958,2.1855792552411137,3.258096538021482,25.0,True,False,3,1,0,False,False,0,True,0
True,13.0,13.0,2.6390573296152584,3.688879454113936,39.0,True,False,2,1,0,False,False,0,True,0
False,25.9292,25.9292,3.2932111997353943,3.912023005428146,49.0,False,True,1,1,0,False,False,0,True,1
False,8.6833,8.6833,2.270402752283094,3.4657359027997265,31.0,False,True,3,1,0,True,False,0,True,1
True,7.2292,7.2292,2.1076888046179385,3.4339872044851463,30.0,True,False,3,1,0,False,False,0,False,0
False,8.049999999999999,24.15,3.224857896545748,3.4339872044851463,30.0,False,True,3,3,1,True,False,1,True,0
True,13.0,13.0,2.6390573296152584,3.555348061489413,34.0,True,False,2,1,0,False,False,0,True,0
False,8.75,26.25,3.305053521109253,3.4657359027997265,31.0,False,True,2,3,1,True,False,1,True,1
False,30.0,120.0,4.795790545596741,2.4849066497880004,11.0,True,False,1,4,1,False,False,2,True,1
False,4.25835,8.5167,2.2530481500547457,0.3506568716131694,0.42,True,False,3,2,0,False,False,1,False,1
True,6.975,6.975,2.076311648670908,3.332204510175204,27.0,True,False,3,1,0,False,False,0,True,1
True,7.775,7.775,2.1719067693519296,3.4657359027997265,31.0,True,False,3,1,0,False,False,0,True,0
True,0.0,0.0,0.0,3.688879454113936,39.0,True,False,1,1,0,False,False,0,True,0
False,7.775,7.775,2.1719067693519296,2.9444389791664403,18.0,False,True,3,1,0,False,True,0,True,0
True,13.0,13.0,2.6390573296152584,3.688879454113936,39.0,True,False,2,1,0,False,False,0,True,0
False,26.55,53.1,3.990834185852436,3.5263605246161616,33.0,False,True,1,2,1,True,False,0,True,1
True,7.8875,7.8875,2.184645795129359,3.295836866004329,26.0,True,False,3,1,0,False,False,0,True,0
True,24.15,24.15,3.224857896545748,3.688879454113936,39.0,True,False,3,1,0,False,False,0,True,0
True,10.5,10.5,2.4423470353692043,3.58351893845611,35.0,True,False,2,1,0,False,False,0,True,0
False,4.467857142857143,31.275,3.4742929367327062,1.9459101490553128,6.0,False,True,3,7,4,False,True,2,True,0
True,8.05,8.05,2.2027647577118348,3.449987545831587,30.5,True,False,3,1,0,False,False,0,True,0
True,0.0,0.0,0.0,3.367295829986474,28.0,True,False,1,1,0,False,False,0,True,0
False,7.925,7.925,2.188856327665703,3.1780538303479458,23.0,False,True,3,1,0,False,True,0,True,0
True,12.334733333333332,37.0042,3.637696679934592,3.4657359027997265,31.0,True,False,2,3,1,False,False,1,False,0
True,6.45,6.45,2.0082140323914683,3.784189633918261,43.0,True,False,3,1,0,False,False,0,True,0
False,4.65,27.9,3.3638415951183864,2.3978952727983707,10.0,True,False,3,6,3,False,False,2,True,0
False,31.166666666666668,93.5,4.548599834499697,3.970291913552122,52.0,False,True,1,3,1,True,False,1,True,1
True,8.6625,8.6625,2.2682524139135403,3.332204510175204,27.0,True,False,3,1,0,False,False,0,True,1
False,0.0,0.0,0.0,3.6635616461296463,38.0,True,False,1,1,0,False,False,0,True,0
False,6.2375,12.475,2.600836116795061,3.332204510175204,27.0,False,True,3,2,0,True,False,1,True,1
False,6.614583333333333,39.6875,3.705920919968788,1.0986122886681098,2.0,True,False,3,6,4,False,False,1,True,0
True,6.95,6.95,2.0731719286662407,3.367295829986474,28.0,True,False,3,1,0,False,False,0,False,0
True,56.4958,56.4958,4.05171190165724,3.367295829986474,28.0,True,False,3,1,0,False,False,0,True,0
False,12.334733333333332,37.0042,3.637696679934592,0.6931471805599453,1.0,True,False,2,3,0,False,False,2,False,1
True,7.75,7.75,2.169053700369523,3.367295829986474,28.0,True,False,3,1,0,False,False,0,False,1
False,80.0,80.0,4.394449154672439,4.143134726391533,62.0,False,True,1,1,0,True,False,0,True,1
False,7.2271,14.4542,2.737880811060884,2.772588722239781,15.0,False,True,3,2,1,True,False,0,False,1
False,6.25,18.75,2.9831534913471307,0.6043159668533294,0.83,True,False,2,3,1,False,False,1,True,1
True,7.2292,7.2292,2.1076888046179385,3.367295829986474,28.0,True,False,3,1,0,False,False,0,False,0
True,7.8542,7.8542,2.180891922715322,3.1780538303479458,23.0,True,False,3,1,0,False,False,0,True,0
True,8.3,8.3,2.2300144001592104,2.9444389791664403,18.0,True,False,3,1,0,False,False,0,True,0
False,27.71943333333333,83.1583,4.432699549165613,3.688879454113936,39.0,False,True,1,3,1,False,True,1,False,1
True,8.6625,8.6625,2.2682524139135403,3.091042453358316,21.0,True,False,3,1,0,False,False,0,True,0
True,8.05,8.05,2.2027647577118348,3.367295829986474,28.0,True,False,3,1,0,False,False,0,True,0
True,56.4958,56.4958,4.05171190165724,3.49650756146648,32.0,True,False,3,1,0,False,False,0,True,1
True,29.7,29.7,3.4242626545931514,3.367295829986474,28.0,True,False,1,1,0,False,False,0,False,1
True,7.925,7.925,2.188856327665703,3.044522437723423,20.0,True,False,3,1,0,False,False,0,True,0
True,10.5,10.5,2.4423470353692043,2.833213344056216,16.0,True,False,2,1,0,False,False,0,True,0
False,31.0,31.0,3.4657359027997265,3.4339872044851463,30.0,False,True,1,1,0,False,True,0,False,1
True,6.4375,6.4375,2.006534770871748,3.56953269648137,34.5,True,False,3,1,0,False,False,0,False,0
True,8.6625,8.6625,2.2682524139135403,2.8903717578961645,17.0,True,False,3,1,0,False,False,0,True,0
True,7.55,7.55,2.145931282948669,3.7612001156935615,42.0,True,False,3,1,0,False,False,0,True,0
True,6.322727272727272,69.55,4.256321678298823,3.367295829986474,28.0,True,False,3,11,8,False,False,2,True,0
True,7.8958,7.8958,2.1855792552411137,3.58351893845611,35.0,True,False,3,1,0,False,False,0,False,0
False,16.5,33.0,3.5263605246161616,3.367295829986474,28.0,True,False,2,2,0,False,False,1,True,0
False,44.5521,89.1042,4.500966778400217,3.367295829986474,28.0,False,True,1,2,1,True,False,0,False,1
False,4.467857142857143,31.275,3.4742929367327062,1.6094379124341005,4.0,True,False,3,7,4,False,False,2,True,0
True,7.775,7.775,2.1719067693519296,4.189654742026425,65.0,True,False,3,1,0,False,False,0,True,0
False,5.081933333333333,15.2458,2.787834413830345,2.302585092994046,9.0,False,True,3,3,1,False,True,1,False,0
False,19.7,39.4,3.698829784967105,2.833213344056216,16.0,False,True,1,2,0,False,True,1,True,1
False,13.0,26.0,3.295836866004329,3.80666248977032,44.0,False,True,2,2,1,True,False,0,True,0
False,4.675,9.35,2.336986519711378,2.9444389791664403,18.0,False,True,3,2,0,True,False,1,True,1
False,54.95556666666667,164.8667,5.11118445372147,3.828641396489095,45.0,False,True,1,3,1,True,False,1,True,1
True,26.55,26.55,3.316002535598924,3.951243718581428,51.0,True,False,1,1,0,False,False,0,True,1
False,4.814575,19.2583,3.0085645861193133,3.218875824868201,24.0,False,True,3,4,0,True,False,3,False,1
True,7.2292,7.2292,2.1076888046179385,3.367295829986474,28.0,True,False,3,1,0,False,False,0,False,0
True,4.702766666666666,14.1083,2.7152442616824506,3.737669618283368,41.0,True,False,3,3,2,False,False,0,True,0
True,5.75,11.5,2.525728644308256,3.091042453358316,21.0,True,False,2,2,1,False,False,0,True,0
False,25.9292,25.9292,3.2932111997353943,3.8918202981106265,48.0,False,True,1,1,0,True,False,0,True,1
False,6.322727272727272,69.55,4.256321678298823,3.367295829986474,28.0,False,True,3,11,8,False,True,2,True,0
True,13.0,13.0,2.6390573296152584,3.218875824868201,24.0,True,False,2,1,0,False,False,0,True,0
False,13.0,13.0,2.6390573296152584,3.7612001156935615,42.0,False,True,2,1,0,True,False,0,True,1
False,6.92915,13.8583,2.698558631668595,3.332204510175204,27.0,False,True,2,2,1,False,True,0,False,1
True,50.4958,50.4958,3.941500250945973,3.4657359027997265,31.0,True,False,1,1,0,False,False,0,True,0
True,9.5,9.5,2.3513752571634776,3.367295829986474,28.0,True,False,3,1,0,False,False,0,True,0
False,3.7111,11.1333,2.495953738718064,1.6094379124341005,4.0,True,False,3,3,1,False,False,1,True,1
True,7.8958,7.8958,2.1855792552411137,3.295836866004329,26.0,True,False,3,1,0,False,False,0,True,0
False,17.518066666666666,52.5542,3.980694225190728,3.871201010907891,47.0,False,True,1,3,1,True,False,1,True,1
True,5.0,5.0,1.791759469228055,3.5263605246161616,33.0,True,False,1,1,0,False,False,0,True,0
True,9.0,9.0,2.302585092994046,3.871201010907891,47.0,True,False,3,1,0,False,False,0,True,0
False,12.0,24.0,3.218875824868201,3.367295829986474,28.0,False,True,2,2,1,True,False,0,False,1
False,7.225,7.225,2.107178296651436,2.772588722239781,15.0,False,True,3,1,0,False,True,0,False,1
True,9.8458,9.8458,2.3837779082709782,3.044522437723423,20.0,True,False,3,1,0,False,False,0,True,0
True,7.8958,7.8958,2.1855792552411137,2.995732273553991,19.0,True,False,3,1,0,False,False,0,True,0
True,7.8958,7.8958,2.1855792552411137,3.367295829986474,28.0,True,False,3,1,0,False,False,0,True,0
False,41.57915,83.1583,4.432699549165613,4.04305126783455,56.0,False,True,1,2,0,True,False,1,False,1
False,13.0,26.0,3.295836866004329,3.258096538021482,25.0,False,True,2,2,0,True,False,1,True,1
True,7.8958,7.8958,2.1855792552411137,3.5263605246161616,33.0,True,False,3,1,0,False,False,0,True,0
False,10.5167,10.5167,2.4437981558973862,3.1354942159291497,22.0,False,True,3,1,0,False,True,0,True,0
True,10.5,10.5,2.4423470353692043,3.367295829986474,28.0,True,False,2,1,0,False,False,0,True,0
True,7.05,7.05,2.0856720914304723,3.258096538021482,25.0,True,False,3,1,0,False,False,0,True,0
False,4.854166666666667,29.125,3.405355391810819,3.688879454113936,39.0,False,True,3,6,0,True,False,5,False,0
False,13.0,13.0,2.6390573296152584,3.332204510175204,27.0,True,False,2,1,0,False,False,0,True,0
False,30.0,30.0,3.4339872044851463,2.995732273553991,19.0,False,True,1,1,0,False,True,0,True,1
False,5.8625,23.45,3.196630215920881,3.367295829986474,28.0,False,True,3,4,1,False,True,2,True,0
True,30.0,30.0,3.4339872044851463,3.295836866004329,26.0,True,False,1,1,0,False,False,0,False,1
True,7.75,7.75,2.169053700369523,3.49650756146648,32.0,True,False,3,1,0,False,False,0,False,0
